category,type,date,impressions,clicks,cost_micros
Feeditem,AffiliateLocation,2022-01-01,59611,5209,11284430000
Feeditem,AffiliateLocation,2022-01-02,65963,6192,13016830000
Feeditem,AffiliateLocation,2022-01-03,53127,5506,11096040000
Feeditem,AffiliateLocation,2022-01-04,92016,10371,69377630000
Feeditem,AffiliateLocation,2022-01-05,94892,11361,77287670000
Feeditem,AffiliateLocation,2022-01-06,95051,11451,75422290000
Feeditem,AffiliateLocation,2022-01-07,84815,10230,57496490000
Feeditem,AffiliateLocation,2022-01-08,89532,10777,58143870000
Feeditem,AffiliateLocation,2022-01-09,87640,10767,56148180000
Feeditem,AffiliateLocation,2022-01-10,92848,11217,65454760000
Feeditem,AffiliateLocation,2022-01-11,77492,9341,44243160000
Feeditem,AffiliateLocation,2022-01-12,72178,8994,26703390000
Feeditem,AffiliateLocation,2022-01-13,58680,7649,18932230000
Feeditem,AffiliateLocation,2022-01-14,56560,6799,17953020000
Feeditem,AffiliateLocation,2022-01-15,58050,6979,18097260000
Feeditem,AffiliateLocation,2022-01-16,56378,6931,17465080000
Feeditem,AffiliateLocation,2022-01-17,58291,6831,18093980000
Feeditem,AffiliateLocation,2022-01-18,56516,6585,15227500000
Feeditem,AffiliateLocation,2022-01-19,59837,6869,16068080000
Feeditem,AffiliateLocation,2022-01-20,61257,7050,20299240000
Feeditem,AffiliateLocation,2022-01-21,64730,7712,22808290000
Feeditem,AffiliateLocation,2022-01-22,71118,8296,26297770000
Feeditem,AffiliateLocation,2022-01-23,71794,8743,26429070000
Feeditem,AffiliateLocation,2022-01-24,67206,8174,25209140000
Feeditem,AffiliateLocation,2022-01-25,62352,7477,16503530000
Feeditem,AffiliateLocation,2022-01-26,63716,7774,18011060000
Feeditem,AffiliateLocation,2022-01-27,64849,7967,21945640000
Feeditem,AffiliateLocation,2022-01-28,63925,7892,23480560000
Feeditem,AffiliateLocation,2022-01-29,67250,8353,24085450000
Feeditem,AffiliateLocation,2022-01-30,67515,8406,25574030000
Feeditem,AffiliateLocation,2022-01-31,56592,7308,21476490000
Feeditem,AffiliateLocation,2022-02-01,60919,7983,29180770000
Feeditem,AffiliateLocation,2022-02-02,70880,8976,33561360000
Feeditem,AffiliateLocation,2022-02-03,68169,8528,33804850000
Feeditem,AffiliateLocation,2022-02-04,64517,8104,30159350000
Feeditem,AffiliateLocation,2022-02-05,67012,7982,27386030000
Feeditem,AffiliateLocation,2022-02-06,64298,8008,24068540000
Feeditem,AffiliateLocation,2022-02-07,58634,7358,23858110000
Feeditem,AffiliateLocation,2022-02-08,58872,7825,27743900000
Feeditem,AffiliateLocation,2022-02-09,59806,7669,27993140000
Feeditem,AffiliateLocation,2022-02-10,61060,7691,24643410000
Feeditem,AffiliateLocation,2022-02-11,60174,7267,26004380000
Feeditem,AffiliateLocation,2022-02-12,61651,7348,24890930000
Feeditem,AffiliateLocation,2022-02-13,60105,7373,23680200000
Feeditem,AffiliateLocation,2022-02-14,54038,6703,21475990000
Feeditem,AffiliateLocation,2022-02-15,57031,7042,26712770000
Feeditem,AffiliateLocation,2022-02-16,55314,6960,23777000000
Feeditem,AffiliateLocation,2022-02-17,57116,6830,25213940000
Feeditem,AffiliateLocation,2022-02-18,59978,7283,25494260000
Feeditem,AffiliateLocation,2022-02-19,71562,8839,29384380000
Feeditem,AffiliateLocation,2022-02-20,72521,9172,28808860000
Feeditem,AffiliateLocation,2022-02-21,72196,9147,31164190000
Feeditem,AffiliateLocation,2022-02-22,76569,9475,34372550000
Feeditem,AffiliateLocation,2022-02-23,73031,8946,38320770000
Feeditem,AffiliateLocation,2022-02-24,63977,7618,27368910000
Feeditem,AffiliateLocation,2022-02-25,55830,6409,11494860000
Feeditem,AffiliateLocation,2022-02-26,55863,6197,10956340000
Feeditem,AffiliateLocation,2022-02-27,55583,6292,11224530000
Feeditem,AffiliateLocation,2022-02-28,43654,5183,9775290000
Feeditem,AffiliateLocation,2022-03-01,47014,5462,10194140000
Feeditem,AffiliateLocation,2022-03-02,41696,5056,8959230000
Feeditem,AffiliateLocation,2022-03-03,49388,6044,19664820000
Feeditem,AffiliateLocation,2022-03-04,55124,7296,30118580000
Feeditem,AffiliateLocation,2022-03-05,57666,7623,31205600000
Feeditem,AffiliateLocation,2022-03-06,58646,7971,29832460000
Feeditem,AffiliateLocation,2022-03-07,60841,7931,37064560000
Feeditem,AffiliateLocation,2022-03-08,65255,8162,37313010000
Feeditem,AffiliateLocation,2022-03-09,68907,8723,40743200000
Feeditem,AffiliateLocation,2022-03-10,68675,8580,46223410000
Feeditem,AffiliateLocation,2022-03-11,67858,8790,42713810000
Feeditem,AffiliateLocation,2022-03-12,71878,9045,47514570000
Feeditem,AffiliateLocation,2022-03-13,69198,8802,50963350000
Feeditem,AffiliateLocation,2022-03-14,63884,7727,26104850000
Feeditem,AffiliateLocation,2022-03-15,62882,7537,25510970000
Feeditem,AffiliateLocation,2022-03-16,59182,7045,18009950000
Feeditem,AffiliateLocation,2022-03-17,61270,7235,15912390000
Feeditem,AffiliateLocation,2022-03-18,62943,7363,16238440000
Feeditem,AffiliateLocation,2022-03-19,65575,7639,16816190000
Feeditem,AffiliateLocation,2022-03-20,63599,7912,16642320000
Feeditem,AffiliateLocation,2022-03-21,56819,6995,14670440000
Feeditem,AffiliateLocation,2022-03-22,60114,7534,15921050000
Feeditem,AffiliateLocation,2022-03-23,56265,6940,14933700000
Feeditem,AffiliateLocation,2022-03-24,52463,6497,13553030000
Feeditem,AffiliateLocation,2022-03-25,46138,5419,11795090000
Feeditem,AffiliateLocation,2022-03-26,46656,5466,12311100000
Feeditem,AffiliateLocation,2022-03-27,46085,5393,11512220000
Feeditem,AffiliateLocation,2022-03-28,44217,5412,11813950000
Feeditem,AffiliateLocation,2022-03-29,47720,5906,16791170000
Feeditem,AffiliateLocation,2022-03-30,50485,6257,19139960000
Feeditem,AffiliateLocation,2022-03-31,56651,7265,27407680000
Feeditem,AffiliateLocation,2022-04-01,46902,5222,22286650000
Feeditem,AffiliateLocation,2022-04-02,48129,5313,25253350000
Feeditem,AffiliateLocation,2022-04-03,46843,5208,30226110000
Feeditem,AffiliateLocation,2022-04-04,42422,4792,19603340000
Feeditem,AffiliateLocation,2022-04-05,42538,4950,21039980000
Feeditem,AffiliateLocation,2022-04-06,43020,4924,20517700000
Feeditem,AffiliateLocation,2022-04-07,41841,4876,20526310000
Feeditem,AffiliateLocation,2022-04-08,40733,4735,17822230000
Feeditem,AffiliateLocation,2022-04-09,41825,4607,17438190000
Feeditem,AffiliateLocation,2022-04-10,40660,4803,17527730000
Feeditem,AffiliateLocation,2022-04-11,42759,5200,19076070000
Feeditem,AffiliateLocation,2022-04-12,9851,1384,2528190000
Feeditem,App,2022-01-01,351674,69103,273579580000
Feeditem,App,2022-01-02,346695,66152,345412440000
Feeditem,App,2022-01-03,195169,38670,457447170000
Feeditem,App,2022-01-04,228597,41701,476577260000
Feeditem,App,2022-01-05,272114,49978,581694890000
Feeditem,App,2022-01-06,229906,44312,604194590000
Feeditem,App,2022-01-07,217557,44005,349444900000
Feeditem,App,2022-01-08,232091,48241,341469120000
Feeditem,App,2022-01-09,236240,48587,339036410000
Feeditem,App,2022-01-10,212042,43137,615456720000
Feeditem,App,2022-01-11,254295,46159,613061810000
Feeditem,App,2022-01-12,243246,44256,596941480000
Feeditem,App,2022-01-13,249535,45353,2209697500000
Feeditem,App,2022-01-14,256708,47835,8261276980000
Feeditem,App,2022-01-15,257807,50923,2935700590000
Feeditem,App,2022-01-16,255340,50050,4634886850000
Feeditem,App,2022-01-17,244505,46896,10516964740000
Feeditem,App,2022-01-18,234502,43325,8050437960000
Feeditem,App,2022-01-19,235315,43619,9292289340000
Feeditem,App,2022-01-20,226746,42627,8091550270000
Feeditem,App,2022-01-21,231538,45239,3931312870000
Feeditem,App,2022-01-22,247693,50024,1555773740000
Feeditem,App,2022-01-23,255581,50077,2856785290000
Feeditem,App,2022-01-24,225672,42789,5255112850000
Feeditem,App,2022-01-25,291820,52494,3070798260000
Feeditem,App,2022-01-26,340806,57819,2941192870000
Feeditem,App,2022-01-27,325992,54792,2503901110000
Feeditem,App,2022-01-28,377251,60631,2356123750000
Feeditem,App,2022-01-29,377842,66449,967301670000
Feeditem,App,2022-01-30,398173,67108,1523697990000
Feeditem,App,2022-01-31,379392,61871,2647577380000
Feeditem,App,2022-02-01,367993,62648,2423306230000
Feeditem,App,2022-02-02,367119,63900,2760302490000
Feeditem,App,2022-02-03,362878,63040,2806966330000
Feeditem,App,2022-02-04,354426,63411,2655459300000
Feeditem,App,2022-02-05,351903,63526,1983623910000
Feeditem,App,2022-02-06,360790,63746,2760569960000
Feeditem,App,2022-02-07,320920,55585,4119405500000
Feeditem,App,2022-02-08,278343,47234,3736889380000
Feeditem,App,2022-02-09,268916,46192,3238851370000
Feeditem,App,2022-02-10,286918,47498,3904437720000
Feeditem,App,2022-02-11,296913,47797,4535289760000
Feeditem,App,2022-02-12,300370,51150,2055419070000
Feeditem,App,2022-02-13,329561,51704,2185536710000
Feeditem,App,2022-02-14,241835,38873,4483180710000
Feeditem,App,2022-02-15,261398,39678,4082039470000
Feeditem,App,2022-02-16,261353,38842,4002832380000
Feeditem,App,2022-02-17,270486,39251,3949578360000
Feeditem,App,2022-02-18,296901,42102,4001562750000
Feeditem,App,2022-02-19,312262,47679,1756989360000
Feeditem,App,2022-02-20,320713,48672,1838283980000
Feeditem,App,2022-02-21,299532,46530,4589129020000
Feeditem,App,2022-02-22,270658,39910,4006200170000
Feeditem,App,2022-02-23,262368,39801,3846707520000
Feeditem,App,2022-02-24,244158,38250,3497868910000
Feeditem,App,2022-02-25,272850,43661,3086739880000
Feeditem,App,2022-02-26,275197,42530,1319331770000
Feeditem,App,2022-02-27,252967,38442,1364990690000
Feeditem,App,2022-02-28,235961,34578,4315830810000
Feeditem,App,2022-03-01,216732,31589,3771761670000
Feeditem,App,2022-03-02,204239,31107,3579009620000
Feeditem,App,2022-03-03,203623,30871,3630596850000
Feeditem,App,2022-03-04,222136,32913,3514829550000
Feeditem,App,2022-03-05,221806,33918,1847209550000
Feeditem,App,2022-03-06,214916,33216,1914658360000
Feeditem,App,2022-03-07,205925,28358,4258427960000
Feeditem,App,2022-03-08,222769,30765,3624955000000
Feeditem,App,2022-03-09,225639,33392,4084143330000
Feeditem,App,2022-03-10,214211,30750,3701931520000
Feeditem,App,2022-03-11,226019,32426,3611660680000
Feeditem,App,2022-03-12,235113,34815,1971911950000
Feeditem,App,2022-03-13,231476,34509,2201393280000
Feeditem,App,2022-03-14,221734,32358,4683030230000
Feeditem,App,2022-03-15,212021,32024,4437971860000
Feeditem,App,2022-03-16,217635,34079,5037377320000
Feeditem,App,2022-03-17,217793,34004,5342892420000
Feeditem,App,2022-03-18,239543,37431,4558284020000
Feeditem,App,2022-03-19,237387,39284,2518025920000
Feeditem,App,2022-03-20,238694,37509,2657905350000
Feeditem,App,2022-03-21,228848,36775,5283212250000
Feeditem,App,2022-03-22,236643,36333,4652682930000
Feeditem,App,2022-03-23,232425,35973,4258613960000
Feeditem,App,2022-03-24,242125,37698,4545857930000
Feeditem,App,2022-03-25,240126,36839,4871749760000
Feeditem,App,2022-03-26,233258,38078,3890752050000
Feeditem,App,2022-03-27,233607,37898,3558623110000
Feeditem,App,2022-03-28,227956,34837,4514979200000
Feeditem,App,2022-03-29,224767,34576,4419125430000
Feeditem,App,2022-03-30,203045,32663,4791512880000
Feeditem,App,2022-03-31,184227,30362,4292646890000
Feeditem,App,2022-04-01,210330,34074,3853176000000
Feeditem,App,2022-04-02,228353,37544,3751253090000
Feeditem,App,2022-04-03,233125,37726,3662092270000
Feeditem,App,2022-04-04,206264,32601,4794488760000
Feeditem,App,2022-04-05,225604,34955,4784224420000
Feeditem,App,2022-04-06,227720,35319,4837089930000
Feeditem,App,2022-04-07,220216,34936,4620324300000
Feeditem,App,2022-04-08,229499,35565,3988694030000
Feeditem,App,2022-04-09,245892,38374,2837007027528
Feeditem,App,2022-04-10,232111,38602,3506580840000
Feeditem,App,2022-04-11,208285,34264,3977672580000
Feeditem,App,2022-04-12,58471,7022,3791797875719
Feeditem,Call,2022-01-01,888129,58187,1358453386297
Feeditem,Call,2022-01-02,1019990,66671,1590150778591
Feeditem,Call,2022-01-03,1361389,94283,2667334837789
Feeditem,Call,2022-01-04,1224591,92568,2303581604630
Feeditem,Call,2022-01-05,1190729,92654,2226276834944
Feeditem,Call,2022-01-06,1222737,91115,2817819266541
Feeditem,Call,2022-01-07,1151794,86580,1401247054340
Feeditem,Call,2022-01-08,980794,72339,1518301177283
Feeditem,Call,2022-01-09,982826,69939,1179780758795
Feeditem,Call,2022-01-10,1460696,98809,2262920455139
Feeditem,Call,2022-01-11,1343203,97322,2434585972974
Feeditem,Call,2022-01-12,1335709,94890,2442734751254
Feeditem,Call,2022-01-13,1332849,91696,4455220703454
Feeditem,Call,2022-01-14,1210820,84805,12476709592430
Feeditem,Call,2022-01-15,1007386,68514,6431062477068
Feeditem,Call,2022-01-16,1011994,67733,7795264273678
Feeditem,Call,2022-01-17,1295286,93973,16441205446013
Feeditem,Call,2022-01-18,1360788,99169,15206049747381
Feeditem,Call,2022-01-19,1304915,93527,16571657324807
Feeditem,Call,2022-01-20,1270893,90258,16566401616703
Feeditem,Call,2022-01-21,1163414,81004,9322183357042
Feeditem,Call,2022-01-22,996307,69848,4564128908779
Feeditem,Call,2022-01-23,1060077,68913,6652655579912
Feeditem,Call,2022-01-24,1399506,96496,11029391178858
Feeditem,Call,2022-01-25,1355058,94709,9017290444154
Feeditem,Call,2022-01-26,1352545,94134,8769005738172
Feeditem,Call,2022-01-27,1326708,92517,7055299746515
Feeditem,Call,2022-01-28,1211552,82035,5725333339073
Feeditem,Call,2022-01-29,1023493,70401,2878334814452
Feeditem,Call,2022-01-30,1031192,67589,3224594007541
Feeditem,Call,2022-01-31,1348559,93568,3543213842007
Feeditem,Call,2022-02-01,1250672,93005,3570369565446
Feeditem,Call,2022-02-02,1207915,88965,4420983658563
Feeditem,Call,2022-02-03,1139201,86839,4846072517797
Feeditem,Call,2022-02-04,1031251,79411,5187666407465
Feeditem,Call,2022-02-05,857698,66791,4880604816376
Feeditem,Call,2022-02-06,938918,71226,6681719937340
Feeditem,Call,2022-02-07,1373820,100352,11845058836223
Feeditem,Call,2022-02-08,1180748,103976,11965114720321
Feeditem,Call,2022-02-09,1143866,101521,11255154062253
Feeditem,Call,2022-02-10,1096619,100071,12611574034221
Feeditem,Call,2022-02-11,1003831,89795,13909937762090
Feeditem,Call,2022-02-12,788328,72349,8416215958859
Feeditem,Call,2022-02-13,829791,74059,7389239591943
Feeditem,Call,2022-02-14,1117147,98896,14519420540940
Feeditem,Call,2022-02-15,1147337,103761,13313645239206
Feeditem,Call,2022-02-16,1169275,102891,15047175793221
Feeditem,Call,2022-02-17,1117488,99690,13478863309978
Feeditem,Call,2022-02-18,1060560,90083,12675515657249
Feeditem,Call,2022-02-19,832710,77403,7829325430289
Feeditem,Call,2022-02-20,899486,83905,7744902430660
Feeditem,Call,2022-02-21,1222630,107802,15528535434306
Feeditem,Call,2022-02-22,1163893,103635,14556499041906
Feeditem,Call,2022-02-23,1169092,102426,13834935867958
Feeditem,Call,2022-02-24,1107173,94244,13029594475034
Feeditem,Call,2022-02-25,978653,84839,11057060427663
Feeditem,Call,2022-02-26,739884,68241,7074533386354
Feeditem,Call,2022-02-27,751897,66600,6070855725963
Feeditem,Call,2022-02-28,1087247,92446,14151274755166
Feeditem,Call,2022-03-01,1052977,93710,13459437691085
Feeditem,Call,2022-03-02,1061824,93003,13345146913452
Feeditem,Call,2022-03-03,1028282,89267,13257693743992
Feeditem,Call,2022-03-04,948299,83688,12253993229148
Feeditem,Call,2022-03-05,728909,66409,7490830553901
Feeditem,Call,2022-03-06,752992,66323,7134068540871
Feeditem,Call,2022-03-07,1157374,100719,15682061103245
Feeditem,Call,2022-03-08,1106627,102683,14997115575050
Feeditem,Call,2022-03-09,1094671,100217,15258864396247
Feeditem,Call,2022-03-10,1060003,97588,15358012736718
Feeditem,Call,2022-03-11,994259,93862,13411884093385
Feeditem,Call,2022-03-12,826229,79190,8241235566390
Feeditem,Call,2022-03-13,844079,79411,8434402257762
Feeditem,Call,2022-03-14,1140260,105263,16104798087398
Feeditem,Call,2022-03-15,1076412,104652,15381685459158
Feeditem,Call,2022-03-16,1060768,104668,19149615963350
Feeditem,Call,2022-03-17,1031905,101492,18718845993001
Feeditem,Call,2022-03-18,940458,92268,15047045366604
Feeditem,Call,2022-03-19,758241,75312,10356404776732
Feeditem,Call,2022-03-20,800655,77489,10837048726061
Feeditem,Call,2022-03-21,1119233,106362,18590562709759
Feeditem,Call,2022-03-22,1062791,107262,19274647848310
Feeditem,Call,2022-03-23,1039285,101315,18805461467594
Feeditem,Call,2022-03-24,999911,95893,19495970612383
Feeditem,Call,2022-03-25,920977,84423,21212515305396
Feeditem,Call,2022-03-26,705872,67336,17528796289024
Feeditem,Call,2022-03-27,697363,65467,14574593104246
Feeditem,Call,2022-03-28,1077181,96773,24688127640419
Feeditem,Call,2022-03-29,1088040,96916,21548060250855
Feeditem,Call,2022-03-30,1053777,95168,20546669289060
Feeditem,Call,2022-03-31,1019048,91342,17812509913263
Feeditem,Call,2022-04-01,933122,86841,15788098773046
Feeditem,Call,2022-04-02,717502,67893,13418555738461
Feeditem,Call,2022-04-03,744856,68310,11967695082374
Feeditem,Call,2022-04-04,1102779,98042,20472606734878
Feeditem,Call,2022-04-05,1027487,92652,20350544946959
Feeditem,Call,2022-04-06,988235,92847,19456509599837
Feeditem,Call,2022-04-07,896552,86067,19012646789365
Feeditem,Call,2022-04-08,773792,76187,14910879435233
Feeditem,Call,2022-04-09,638132,60459,10469080865782
Feeditem,Call,2022-04-10,640347,61144,11746798250983
Feeditem,Call,2022-04-11,896378,86873,14430787874006
Feeditem,Call,2022-04-12,263886,27254,18167764541568
Feeditem,Callout,2022-01-01,13277954,1148300,10113717042947
Feeditem,Callout,2022-01-02,13539331,1253747,11604498013821
Feeditem,Callout,2022-01-03,10259245,1206821,13078478758267
Feeditem,Callout,2022-01-04,10189099,1201305,11078466683318
Feeditem,Callout,2022-01-05,11916092,1212930,11033176390170
Feeditem,Callout,2022-01-06,11438912,1186590,11076048887246
Feeditem,Callout,2022-01-07,13494981,1533200,12256915422183
Feeditem,Callout,2022-01-08,15982175,1766171,13159828653811
Feeditem,Callout,2022-01-09,15620522,1630700,11329945065830
Feeditem,Callout,2022-01-10,12882025,1402498,11721005973369
Feeditem,Callout,2022-01-11,12334145,1340994,10469325355618
Feeditem,Callout,2022-01-12,12785568,1291651,9527653447898
Feeditem,Callout,2022-01-13,12854269,1304630,14238672272947
Feeditem,Callout,2022-01-14,13750595,1574855,29778100458009
Feeditem,Callout,2022-01-15,14084642,1581595,17117136047762
Feeditem,Callout,2022-01-16,13850086,1495840,21328379006104
Feeditem,Callout,2022-01-17,14215433,1436425,38074840882097
Feeditem,Callout,2022-01-18,13257867,1397739,31444669109650
Feeditem,Callout,2022-01-19,14029955,1369648,32595473761112
Feeditem,Callout,2022-01-20,14383421,1420095,33305229478788
Feeditem,Callout,2022-01-21,13989707,1365399,22564445661343
Feeditem,Callout,2022-01-22,15247241,1491034,14044580104055
Feeditem,Callout,2022-01-23,15374246,1521058,18305521890661
Feeditem,Callout,2022-01-24,13404373,1355437,25213330300299
Feeditem,Callout,2022-01-25,13812215,1344490,19766921213836
Feeditem,Callout,2022-01-26,14071832,1377599,19009929837730
Feeditem,Callout,2022-01-27,14298968,1273991,16338130085410
Feeditem,Callout,2022-01-28,14841300,1254776,14582422480550
Feeditem,Callout,2022-01-29,14351858,1305611,10050734823668
Feeditem,Callout,2022-01-30,14736182,1311903,11395427995704
Feeditem,Callout,2022-01-31,13542019,1205942,12657096524429
Feeditem,Callout,2022-02-01,12047590,1156080,12804541405840
Feeditem,Callout,2022-02-02,11686470,1119781,14085223486128
Feeditem,Callout,2022-02-03,12559473,1134017,15087817585428
Feeditem,Callout,2022-02-04,12199348,1112125,14856242679575
Feeditem,Callout,2022-02-05,13353109,1133380,12521114983889
Feeditem,Callout,2022-02-06,13589032,1186302,15002272893453
Feeditem,Callout,2022-02-07,13005748,1124650,21281658706773
Feeditem,Callout,2022-02-08,10856485,1067107,21327968823175
Feeditem,Callout,2022-02-09,10613722,1033703,19892263693395
Feeditem,Callout,2022-02-10,10695317,1030936,21687801731484
Feeditem,Callout,2022-02-11,10157210,1038486,24434804676898
Feeditem,Callout,2022-02-12,9570765,908810,14254868280144
Feeditem,Callout,2022-02-13,8650407,792393,12697093109004
Feeditem,Callout,2022-02-14,8066992,692187,21893581810377
Feeditem,Callout,2022-02-15,7422853,703270,20203572967064
Feeditem,Callout,2022-02-16,6057595,639045,21415647145801
Feeditem,Callout,2022-02-17,1759574,325569,16926568812749
Feeditem,Callout,2022-02-18,1467761,276197,16597603970312
Feeditem,Callout,2022-02-19,1293909,262332,9226030536595
Feeditem,Callout,2022-02-20,1389591,274057,9413070839253
Feeditem,Callout,2022-02-21,1696914,325028,20801863164314
Feeditem,Callout,2022-02-22,1632730,305793,19524516024158
Feeditem,Callout,2022-02-23,1543396,293511,18199215659943
Feeditem,Callout,2022-02-24,1457920,283680,17141419682627
Feeditem,Callout,2022-02-25,1329620,262576,14905410850280
Feeditem,Callout,2022-02-26,1217297,246727,8295305653964
Feeditem,Callout,2022-02-27,1240692,255544,7387614923725
Feeditem,Callout,2022-02-28,1565912,292066,19914795815017
Feeditem,Callout,2022-03-01,1470321,263883,17380213778334
Feeditem,Callout,2022-03-02,1292608,223458,17749113562717
Feeditem,Callout,2022-03-03,964121,154379,17575340102539
Feeditem,Callout,2022-03-04,776239,113219,16367073986274
Feeditem,Callout,2022-03-05,626700,87115,9102301048358
Feeditem,Callout,2022-03-06,681606,98675,9398992508086
Feeditem,Callout,2022-03-07,837220,118469,20728064392562
Feeditem,Callout,2022-03-08,804749,115542,19287847607138
Feeditem,Callout,2022-03-09,816077,119156,19587837407039
Feeditem,Callout,2022-03-10,640452,101892,4237442392623
Feeditem,Callout,2022-03-11,569863,94209,772526238819
Feeditem,Callout,2022-03-12,552587,89326,624302611233
Feeditem,Callout,2022-03-13,589965,98617,544373621705
Feeditem,Callout,2022-03-14,669639,111068,933145743399
Feeditem,Callout,2022-03-15,652367,111163,841991866231
Feeditem,Callout,2022-03-16,647432,109701,902190797004
Feeditem,Callout,2022-03-17,625170,101541,911991669623
Feeditem,Callout,2022-03-18,615611,99099,758818722541
Feeditem,Callout,2022-03-19,549493,89387,570231048432
Feeditem,Callout,2022-03-20,623970,102272,545027426842
Feeditem,Callout,2022-03-21,703254,115681,791514319139
Feeditem,Callout,2022-03-22,686551,112492,938029907953
Feeditem,Callout,2022-03-23,685064,112178,1063442571659
Feeditem,Callout,2022-03-24,644978,107185,854573348877
Feeditem,Callout,2022-03-25,593257,97927,822205028602
Feeditem,Callout,2022-03-26,545254,87442,720011197893
Feeditem,Callout,2022-03-27,545878,88371,756930094771
Feeditem,Callout,2022-03-28,672049,110664,1151147893868
Feeditem,Callout,2022-03-29,666218,109383,1003048632290
Feeditem,Callout,2022-03-30,644638,107458,1063539195700
Feeditem,Callout,2022-03-31,588602,98303,1033764710087
Feeditem,Callout,2022-04-01,550146,94287,754155945339
Feeditem,Callout,2022-04-02,489715,84834,684185782898
Feeditem,Callout,2022-04-03,531399,92399,665422156000
Feeditem,Callout,2022-04-04,649868,111046,867243438325
Feeditem,Callout,2022-04-05,640240,109106,910760417034
Feeditem,Callout,2022-04-06,643590,106826,1011335238281
Feeditem,Callout,2022-04-07,628712,106198,1045217578642
Feeditem,Callout,2022-04-08,603311,100702,697474421455
Feeditem,Callout,2022-04-09,554074,92491,627082970191
Feeditem,Callout,2022-04-10,560136,92582,623039128257
Feeditem,Callout,2022-04-11,636571,105638,932665166536
Feeditem,Callout,2022-04-12,161303,33393,88942256987
Feeditem,Image,2022-01-01,12083527,307370,2403817418580
Feeditem,Image,2022-01-02,9790450,346572,3508944928565
Feeditem,Image,2022-01-03,3163593,320098,3747636108643
Feeditem,Image,2022-01-04,3804061,310137,3571702174510
Feeditem,Image,2022-01-05,8654349,334911,3613115045425
Feeditem,Image,2022-01-06,7683936,313301,2619103541808
Feeditem,Image,2022-01-07,9757591,294468,2083077479876
Feeditem,Image,2022-01-08,17631452,581298,3651653102264
Feeditem,Image,2022-01-09,17837418,658637,4168050476217
Feeditem,Image,2022-01-10,16221870,602059,3946699847234
Feeditem,Image,2022-01-11,17157407,587462,3242087566715
Feeditem,Image,2022-01-12,17698167,580241,2973222688615
Feeditem,Image,2022-01-13,17565172,603072,3799647831238
Feeditem,Image,2022-01-14,20487347,668765,6885646166983
Feeditem,Image,2022-01-15,21501170,726829,4860910560492
Feeditem,Image,2022-01-16,20549801,663276,5435964891045
Feeditem,Image,2022-01-17,19940319,717169,6690680219368
Feeditem,Image,2022-01-18,19168212,702703,6338045764569
Feeditem,Image,2022-01-19,20079389,700722,7113561914770
Feeditem,Image,2022-01-20,20903760,722345,6917040581061
Feeditem,Image,2022-01-21,19991842,582943,4286542852306
Feeditem,Image,2022-01-22,19102686,625037,3438834842929
Feeditem,Image,2022-01-23,20038544,672290,4307133648864
Feeditem,Image,2022-01-24,19184017,646789,5022315122550
Feeditem,Image,2022-01-25,20751718,641564,4433735432989
Feeditem,Image,2022-01-26,21696148,654041,4461974759965
Feeditem,Image,2022-01-27,20558872,628024,3996401311592
Feeditem,Image,2022-01-28,22494666,627343,3790262489119
Feeditem,Image,2022-01-29,22889554,699072,3278214772695
Feeditem,Image,2022-01-30,22982319,696576,3355590332174
Feeditem,Image,2022-01-31,17653593,506938,3316172519721
Feeditem,Image,2022-02-01,13156316,380230,3681998161358
Feeditem,Image,2022-02-02,13587768,374066,3741789714218
Feeditem,Image,2022-02-03,14532089,392339,3758547186229
Feeditem,Image,2022-02-04,15241100,380747,3470770285833
Feeditem,Image,2022-02-05,15272950,388274,2968710965870
Feeditem,Image,2022-02-06,13877337,398524,3639263810888
Feeditem,Image,2022-02-07,13748956,388206,3883136842674
Feeditem,Image,2022-02-08,12250796,383402,3577834159340
Feeditem,Image,2022-02-09,12715243,377829,3457945784213
Feeditem,Image,2022-02-10,13803326,402807,3830650196860
Feeditem,Image,2022-02-11,14362910,410626,4227860110545
Feeditem,Image,2022-02-12,14755408,422372,3255973914592
Feeditem,Image,2022-02-13,14626520,437413,3503500575117
Feeditem,Image,2022-02-14,12374146,393486,4175107296987
Feeditem,Image,2022-02-15,12661186,399531,4098784095479
Feeditem,Image,2022-02-16,11616202,375046,4210009806668
Feeditem,Image,2022-02-17,12021828,382826,4239714946256
Feeditem,Image,2022-02-18,12954011,376009,4335025114044
Feeditem,Image,2022-02-19,13343921,389992,3729633418786
Feeditem,Image,2022-02-20,12373214,400055,3901267144051
Feeditem,Image,2022-02-21,11532270,382977,4846523155111
Feeditem,Image,2022-02-22,10862820,333700,4009487141963
Feeditem,Image,2022-02-23,10737306,336308,4365270939907
Feeditem,Image,2022-02-24,10550334,321111,4253327400873
Feeditem,Image,2022-02-25,11629215,312095,4384427219320
Feeditem,Image,2022-02-26,11294801,317843,3723739664907
Feeditem,Image,2022-02-27,10526376,333287,3750606727025
Feeditem,Image,2022-02-28,9382098,309370,4618517062703
Feeditem,Image,2022-03-01,10345803,304004,4564279334725
Feeditem,Image,2022-03-02,10812093,308552,4768013782306
Feeditem,Image,2022-03-03,10535839,321150,5215946977010
Feeditem,Image,2022-03-04,13025379,322302,4882792936736
Feeditem,Image,2022-03-05,11984705,327982,4578745218813
Feeditem,Image,2022-03-06,11111962,348727,4750405500773
Feeditem,Image,2022-03-07,10750104,314988,5590859200438
Feeditem,Image,2022-03-08,9904523,245292,4645073289660
Feeditem,Image,2022-03-09,9569579,340932,6445615314397
Feeditem,Image,2022-03-10,11014905,388020,5813486299071
Feeditem,Image,2022-03-11,10352631,344228,5330162189145
Feeditem,Image,2022-03-12,11244237,489489,10215743011011
Feeditem,Image,2022-03-13,10276368,482691,7425220814531
Feeditem,Image,2022-03-14,10215462,455536,8439350623970
Feeditem,Image,2022-03-15,10498788,387154,5536155821582
Feeditem,Image,2022-03-16,10462260,402972,8267989989722
Feeditem,Image,2022-03-17,10297087,419052,10967497401413
Feeditem,Image,2022-03-18,12736835,480328,12236524897943
Feeditem,Image,2022-03-19,12427571,435169,3565463150584
Feeditem,Image,2022-03-20,11980831,443769,3658517381514
Feeditem,Image,2022-03-21,11850490,452976,4849024064101
Feeditem,Image,2022-03-22,11906774,438381,5021075706106
Feeditem,Image,2022-03-23,10983646,452348,5405396146232
Feeditem,Image,2022-03-24,11737010,460947,6185265929680
Feeditem,Image,2022-03-25,12888053,454154,6455955477796
Feeditem,Image,2022-03-26,12714992,445325,6069960829979
Feeditem,Image,2022-03-27,13120803,439243,4402288887828
Feeditem,Image,2022-03-28,12029970,439495,4926168801488
Feeditem,Image,2022-03-29,12181208,438796,5501204461549
Feeditem,Image,2022-03-30,11178107,411010,5061360217619
Feeditem,Image,2022-03-31,11238751,418874,5740516595636
Feeditem,Image,2022-04-01,12258360,418855,5731781918642
Feeditem,Image,2022-04-02,12389434,431533,6110459395005
Feeditem,Image,2022-04-03,11224449,454303,6234178989004
Feeditem,Image,2022-04-04,11913632,435454,6038632448837
Feeditem,Image,2022-04-05,12532939,434894,5644933446534
Feeditem,Image,2022-04-06,12687250,422301,5803604780556
Feeditem,Image,2022-04-07,12367404,413743,5956050416342
Feeditem,Image,2022-04-08,13217846,390590,5689424838518
Feeditem,Image,2022-04-09,12228536,385094,5005607940215
Feeditem,Image,2022-04-10,12047476,398135,5682370280156
Feeditem,Image,2022-04-11,11726485,384263,7194409576358
Feeditem,Image,2022-04-12,1889797,154140,6877485790427
Feeditem,Location,2022-01-01,3074844,51448,531034779196
Feeditem,Location,2022-01-02,4589477,64361,692973896256
Feeditem,Location,2022-01-03,3173020,94713,772560270386
Feeditem,Location,2022-01-04,2802017,97206,758700713171
Feeditem,Location,2022-01-05,5095556,91552,821285634506
Feeditem,Location,2022-01-06,6979000,91540,1217192932191
Feeditem,Location,2022-01-07,3998104,86169,736289752341
Feeditem,Location,2022-01-08,5615152,83053,671370632443
Feeditem,Location,2022-01-09,5266601,75363,628635188109
Feeditem,Location,2022-01-10,6432062,103087,1071831581184
Feeditem,Location,2022-01-11,6912658,101735,989362010173
Feeditem,Location,2022-01-12,4601386,97247,1078492963279
Feeditem,Location,2022-01-13,5936134,99835,3726724268281
Feeditem,Location,2022-01-14,5513923,100732,7103593494481
Feeditem,Location,2022-01-15,4041947,72782,3583206320350
Feeditem,Location,2022-01-16,7389336,77524,5225205818474
Feeditem,Location,2022-01-17,6569818,101593,9750014865308
Feeditem,Location,2022-01-18,5173259,101919,6940913514718
Feeditem,Location,2022-01-19,5024764,98180,8911613369581
Feeditem,Location,2022-01-20,4836178,95778,8288575053432
Feeditem,Location,2022-01-21,4148621,89374,4257425228942
Feeditem,Location,2022-01-22,4109473,74862,2321833407871
Feeditem,Location,2022-01-23,5071468,75928,4419043156649
Feeditem,Location,2022-01-24,5018365,101500,5432704368191
Feeditem,Location,2022-01-25,4662460,99438,3584015572558
Feeditem,Location,2022-01-26,4089414,97982,3446810808500
Feeditem,Location,2022-01-27,4613217,97166,2370972185110
Feeditem,Location,2022-01-28,3818175,76946,2211797382591
Feeditem,Location,2022-01-29,3778412,64614,1116460363718
Feeditem,Location,2022-01-30,4198228,66824,1826857286192
Feeditem,Location,2022-01-31,7231200,88265,1597179619583
Feeditem,Location,2022-02-01,5137659,90209,1659598040007
Feeditem,Location,2022-02-02,3902243,102145,1599599548182
Feeditem,Location,2022-02-03,5230843,102998,1712599358136
Feeditem,Location,2022-02-04,4069992,99167,1864033637689
Feeditem,Location,2022-02-05,3346383,78863,1692590577090
Feeditem,Location,2022-02-06,3837998,82638,2223599435809
Feeditem,Location,2022-02-07,4718137,113717,3226376016750
Feeditem,Location,2022-02-08,4460759,113299,2998292341813
Feeditem,Location,2022-02-09,3868403,106945,2879884250370
Feeditem,Location,2022-02-10,4916103,108924,3411562324862
Feeditem,Location,2022-02-11,3479978,104995,4075143592465
Feeditem,Location,2022-02-12,3617747,91173,2566737935898
Feeditem,Location,2022-02-13,5481683,86777,2384835860084
Feeditem,Location,2022-02-14,5606020,113614,4184325801461
Feeditem,Location,2022-02-15,4765682,123032,3767407167826
Feeditem,Location,2022-02-16,4924302,117803,4286732039625
Feeditem,Location,2022-02-17,4586038,128976,3868309982296
Feeditem,Location,2022-02-18,6275897,109019,3832242801063
Feeditem,Location,2022-02-19,3894615,93845,2769761528504
Feeditem,Location,2022-02-20,5940827,98149,2518083989380
Feeditem,Location,2022-02-21,6064604,129973,5200260396853
Feeditem,Location,2022-02-22,5279141,120184,4752160795847
Feeditem,Location,2022-02-23,6172376,114503,4577372956766
Feeditem,Location,2022-02-24,6716621,112902,3711742797321
Feeditem,Location,2022-02-25,5426838,116102,3178364419339
Feeditem,Location,2022-02-26,4947760,78908,1867855894746
Feeditem,Location,2022-02-27,7145427,85277,1655084944056
Feeditem,Location,2022-02-28,6181392,108406,4054144530252
Feeditem,Location,2022-03-01,4579603,87092,3807898347102
Feeditem,Location,2022-03-02,5630594,92069,4112928347226
Feeditem,Location,2022-03-03,3349351,93173,4021667256606
Feeditem,Location,2022-03-04,3236572,88442,3717900558176
Feeditem,Location,2022-03-05,3038754,73096,2272784241107
Feeditem,Location,2022-03-06,3817067,77663,2178684599617
Feeditem,Location,2022-03-07,4197654,104946,5475096909171
Feeditem,Location,2022-03-08,4687321,103440,4700787942205
Feeditem,Location,2022-03-09,5794003,104884,4707711465909
Feeditem,Location,2022-03-10,6117589,102786,4448803659381
Feeditem,Location,2022-03-11,5171052,98860,4215431290306
Feeditem,Location,2022-03-12,5812729,85101,2595019984307
Feeditem,Location,2022-03-13,6019751,86023,2904460239186
Feeditem,Location,2022-03-14,4979232,116553,5345876359726
Feeditem,Location,2022-03-15,4722086,115975,5014419287491
Feeditem,Location,2022-03-16,6713234,114583,6104221542371
Feeditem,Location,2022-03-17,6697641,107684,5219436500508
Feeditem,Location,2022-03-18,6287671,105963,4435879614289
Feeditem,Location,2022-03-19,6307576,82908,2888680389751
Feeditem,Location,2022-03-20,6665093,84534,2770577388595
Feeditem,Location,2022-03-21,5202092,117030,5647822449875
Feeditem,Location,2022-03-22,5043644,113965,5820181259724
Feeditem,Location,2022-03-23,5808461,111002,5065218353936
Feeditem,Location,2022-03-24,6161856,104305,5468373407174
Feeditem,Location,2022-03-25,5271146,97364,5801286048142
Feeditem,Location,2022-03-26,4628836,85369,4423103162395
Feeditem,Location,2022-03-27,5832303,79568,3848552215292
Feeditem,Location,2022-03-28,4382506,109741,5343007774311
Feeditem,Location,2022-03-29,3922447,106376,4548334464454
Feeditem,Location,2022-03-30,4460848,104641,4782115499648
Feeditem,Location,2022-03-31,5239178,101219,4454672837621
Feeditem,Location,2022-04-01,5146861,103541,3519500859538
Feeditem,Location,2022-04-02,4638793,80886,3437474870242
Feeditem,Location,2022-04-03,5968848,82523,3212248767897
Feeditem,Location,2022-04-04,4179711,114210,4548053555547
Feeditem,Location,2022-04-05,4878447,112026,4451194538717
Feeditem,Location,2022-04-06,4624048,107683,4217727179695
Feeditem,Location,2022-04-07,4585389,107176,4150986495248
Feeditem,Location,2022-04-08,4746310,102747,3776613044475
Feeditem,Location,2022-04-09,3908116,78537,2519954403781
Feeditem,Location,2022-04-10,6150634,79088,2726017182244
Feeditem,Location,2022-04-11,4125147,109686,3312355237928
Feeditem,Location,2022-04-12,727857,41119,3305757244613
Feeditem,Price,2022-01-01,354989,43072,861581248386
Feeditem,Price,2022-01-02,393103,46705,861416315291
Feeditem,Price,2022-01-03,345416,37402,610955297045
Feeditem,Price,2022-01-04,350381,40186,640659151775
Feeditem,Price,2022-01-05,365461,40898,639734604864
Feeditem,Price,2022-01-06,362273,41234,656919374809
Feeditem,Price,2022-01-07,410101,55033,945340389088
Feeditem,Price,2022-01-08,493673,67333,1116378121427
Feeditem,Price,2022-01-09,484037,62339,1036408324163
Feeditem,Price,2022-01-10,379327,45334,716841401686
Feeditem,Price,2022-01-11,377390,43965,679028227670
Feeditem,Price,2022-01-12,372880,43973,662802718265
Feeditem,Price,2022-01-13,368278,44970,729337795558
Feeditem,Price,2022-01-14,416542,56686,950491041406
Feeditem,Price,2022-01-15,487806,64007,1084505156405
Feeditem,Price,2022-01-16,531495,72378,1136629338381
Feeditem,Price,2022-01-17,428127,53431,776072348132
Feeditem,Price,2022-01-18,417422,52625,766239667956
Feeditem,Price,2022-01-19,406392,52095,796065335100
Feeditem,Price,2022-01-20,454894,65068,838792432213
Feeditem,Price,2022-01-21,531864,88894,1247609281143
Feeditem,Price,2022-01-22,567666,90556,1294502006398
Feeditem,Price,2022-01-23,639208,98545,1316471811809
Feeditem,Price,2022-01-24,528605,75873,947292656831
Feeditem,Price,2022-01-25,524000,74754,1030195327908
Feeditem,Price,2022-01-26,533373,74983,1086804513692
Feeditem,Price,2022-01-27,474144,62235,835110735157
Feeditem,Price,2022-01-28,445682,59465,812082594182
Feeditem,Price,2022-01-29,484965,59778,880441072356
Feeditem,Price,2022-01-30,528181,66418,944198418283
Feeditem,Price,2022-01-31,449107,50706,680265054528
Feeditem,Price,2022-02-01,423284,47049,631182697330
Feeditem,Price,2022-02-02,376973,40583,586346106121
Feeditem,Price,2022-02-03,383152,41877,606774556814
Feeditem,Price,2022-02-04,337333,33145,504762638239
Feeditem,Price,2022-02-05,392052,38549,616098991140
Feeditem,Price,2022-02-06,390517,37458,524118400450
Feeditem,Price,2022-02-07,318843,29505,387185835327
Feeditem,Price,2022-02-08,313071,29429,377602274016
Feeditem,Price,2022-02-09,322314,31340,410633631851
Feeditem,Price,2022-02-10,333500,32331,422009911833
Feeditem,Price,2022-02-11,341351,33413,476177539773
Feeditem,Price,2022-02-12,366055,36561,554681308189
Feeditem,Price,2022-02-13,396322,39198,510420576745
Feeditem,Price,2022-02-14,333482,31668,388967988220
Feeditem,Price,2022-02-15,331175,33665,409052896648
Feeditem,Price,2022-02-16,344058,34697,411382219046
Feeditem,Price,2022-02-17,343330,33913,370087893328
Feeditem,Price,2022-02-18,354781,34933,433169487519
Feeditem,Price,2022-02-19,448888,54026,723802569100
Feeditem,Price,2022-02-20,494892,62001,729814871119
Feeditem,Price,2022-02-21,433211,54921,580705595431
Feeditem,Price,2022-02-22,422554,52719,580532111017
Feeditem,Price,2022-02-23,444574,55656,594854539872
Feeditem,Price,2022-02-24,434080,51421,524328341739
Feeditem,Price,2022-02-25,444403,50616,548167005870
Feeditem,Price,2022-02-26,494904,55301,617807894450
Feeditem,Price,2022-02-27,490161,52300,556046832299
Feeditem,Price,2022-02-28,433080,44903,437118583875
Feeditem,Price,2022-03-01,463871,50538,529832146489
Feeditem,Price,2022-03-02,426326,46367,459367242296
Feeditem,Price,2022-03-03,419920,46736,478434861116
Feeditem,Price,2022-03-04,416408,44785,472152466277
Feeditem,Price,2022-03-05,489593,54859,640667510250
Feeditem,Price,2022-03-06,521528,59829,653846250967
Feeditem,Price,2022-03-07,448201,50899,516764149974
Feeditem,Price,2022-03-08,441928,49692,504872931863
Feeditem,Price,2022-03-09,428283,48362,476335481927
Feeditem,Price,2022-03-10,386521,42065,447085201226
Feeditem,Price,2022-03-11,376298,42077,473621560928
Feeditem,Price,2022-03-12,446578,49674,573982347226
Feeditem,Price,2022-03-13,478149,55056,696931050816
Feeditem,Price,2022-03-14,382633,39355,437299934017
Feeditem,Price,2022-03-15,380798,42048,516872729657
Feeditem,Price,2022-03-16,381411,41768,485875939382
Feeditem,Price,2022-03-17,397631,42823,498064598999
Feeditem,Price,2022-03-18,388726,44002,585601253241
Feeditem,Price,2022-03-19,435673,47665,636656569611
Feeditem,Price,2022-03-20,473240,55231,653365389179
Feeditem,Price,2022-03-21,377993,42705,451567747303
Feeditem,Price,2022-03-22,382373,46091,521486725276
Feeditem,Price,2022-03-23,355834,40921,430481655209
Feeditem,Price,2022-03-24,347603,39484,403228070224
Feeditem,Price,2022-03-25,306693,29717,316679699343
Feeditem,Price,2022-03-26,336313,31717,374382434779
Feeditem,Price,2022-03-27,344997,33607,387874095784
Feeditem,Price,2022-03-28,295842,27509,298203449495
Feeditem,Price,2022-03-29,302404,27881,293376887225
Feeditem,Price,2022-03-30,281187,26014,278095355237
Feeditem,Price,2022-03-31,287130,27101,266674631486
Feeditem,Price,2022-04-01,304389,29925,344429364027
Feeditem,Price,2022-04-02,334986,32653,400642670010
Feeditem,Price,2022-04-03,358689,33642,381919328069
Feeditem,Price,2022-04-04,296866,26862,274714113044
Feeditem,Price,2022-04-05,292752,25770,234374495165
Feeditem,Price,2022-04-06,279176,24418,229050098273
Feeditem,Price,2022-04-07,284948,25645,255671525939
Feeditem,Price,2022-04-08,284461,26379,276625347775
Feeditem,Price,2022-04-09,329853,31106,365746828611
Feeditem,Price,2022-04-10,339029,31406,353537728637
Feeditem,Price,2022-04-11,283520,23864,222497137842
Feeditem,Price,2022-04-12,133587,12438,131736890220
Feeditem,Price,2022-04-13,23,1,100000
Feeditem,Promotion,2022-01-01,93484,11587,11163220000
Feeditem,Promotion,2022-01-02,119304,13742,13141250000
Feeditem,Promotion,2022-01-03,173198,25668,28482030000
Feeditem,Promotion,2022-01-04,167324,25418,27060510000
Feeditem,Promotion,2022-01-05,161855,24896,27411210000
Feeditem,Promotion,2022-01-06,157189,23442,25694210000
Feeditem,Promotion,2022-01-07,150957,21726,21590720000
Feeditem,Promotion,2022-01-08,139058,19436,16343680000
Feeditem,Promotion,2022-01-09,150102,20428,18017190000
Feeditem,Promotion,2022-01-10,175427,26227,30098430000
Feeditem,Promotion,2022-01-11,165455,25340,27433550000
Feeditem,Promotion,2022-01-12,160144,25150,26612501348
Feeditem,Promotion,2022-01-13,145882,22752,24856527670
Feeditem,Promotion,2022-01-14,121396,21200,21761727766
Feeditem,Promotion,2022-01-15,110714,18666,15318560000
Feeditem,Promotion,2022-01-16,127417,21370,18567897870
Feeditem,Promotion,2022-01-17,107680,16205,20910130000
Feeditem,Promotion,2022-01-18,56607,11207,22065243553
Feeditem,Promotion,2022-01-19,59516,10358,27696713605
Feeditem,Promotion,2022-01-20,53111,9867,25377754935
Feeditem,Promotion,2022-01-21,46626,8984,23165323914
Feeditem,Promotion,2022-01-22,35416,7943,15482370000
Feeditem,Promotion,2022-01-23,37800,8693,16118670000
Feeditem,Promotion,2022-01-24,63424,11191,30289977311
Feeditem,Promotion,2022-01-25,64202,10881,30829391764
Feeditem,Promotion,2022-01-26,64870,11480,31805886657
Feeditem,Promotion,2022-01-27,62800,11229,30567373477
Feeditem,Promotion,2022-01-28,48413,9462,21271385000
Feeditem,Promotion,2022-01-29,36418,8446,14926910000
Feeditem,Promotion,2022-01-30,40568,9237,16970484576
Feeditem,Promotion,2022-01-31,70858,12213,28637422245
Feeditem,Promotion,2022-02-01,52080,6836,26016465236
Feeditem,Promotion,2022-02-02,52104,6870,26807111196
Feeditem,Promotion,2022-02-03,56475,7166,25256310000
Feeditem,Promotion,2022-02-04,48687,7026,22082468096
Feeditem,Promotion,2022-02-05,43311,7657,16691927928
Feeditem,Promotion,2022-02-06,50724,8951,17558380000
Feeditem,Promotion,2022-02-07,74052,11497,25240075635
Feeditem,Promotion,2022-02-08,64000,9396,21015102578
Feeditem,Promotion,2022-02-09,57765,8661,17707102210
Feeditem,Promotion,2022-02-10,54097,7646,15561630111
Feeditem,Promotion,2022-02-11,45230,6636,11931279433
Feeditem,Promotion,2022-02-12,33614,5484,8747288000
Feeditem,Promotion,2022-02-13,35564,6087,9187530000
Feeditem,Promotion,2022-02-14,44391,7022,11797790916
Feeditem,Promotion,2022-02-15,32231,5432,6304060000
Feeditem,Promotion,2022-02-16,47881,7558,14371168965
Feeditem,Promotion,2022-02-17,32634,5576,6396540000
Feeditem,Promotion,2022-02-18,32231,5400,5812540000
Feeditem,Promotion,2022-02-19,24247,4915,4619170000
Feeditem,Promotion,2022-02-20,27251,5586,5540610000
Feeditem,Promotion,2022-02-21,36753,6916,7779860000
Feeditem,Promotion,2022-02-22,35133,6247,7041360000
Feeditem,Promotion,2022-02-23,33653,5767,6436890000
Feeditem,Promotion,2022-02-24,30241,4615,5168390000
Feeditem,Promotion,2022-02-25,24534,4242,4402770000
Feeditem,Promotion,2022-02-26,21067,3901,3710310000
Feeditem,Promotion,2022-02-27,24071,4558,4266250000
Feeditem,Promotion,2022-02-28,19064,1804,1873410000
Feeditem,Promotion,2022-03-01,18767,1756,2007440000
Feeditem,Promotion,2022-03-02,21764,2326,2480780000
Feeditem,Promotion,2022-03-03,26114,3836,2919230000
Feeditem,Promotion,2022-03-04,25108,3630,2566550000
Feeditem,Promotion,2022-03-05,20253,3185,1368130000
Feeditem,Promotion,2022-03-06,19906,3016,1599110000
Feeditem,Promotion,2022-03-07,35857,5885,5172110000
Feeditem,Promotion,2022-03-08,30571,4412,3628410000
Feeditem,Promotion,2022-03-09,33894,5595,3595330000
Feeditem,Promotion,2022-03-10,29679,4340,3097500000
Feeditem,Promotion,2022-03-11,26186,3767,2521520000
Feeditem,Promotion,2022-03-12,20609,3415,1375830000
Feeditem,Promotion,2022-03-13,19030,3440,1482380000
Feeditem,Promotion,2022-03-14,34633,7296,3034400000
Feeditem,Promotion,2022-03-15,33132,6355,4017400000
Feeditem,Promotion,2022-03-16,33241,6110,3867500000
Feeditem,Promotion,2022-03-17,32272,5419,3814890000
Feeditem,Promotion,2022-03-18,33676,6200,4113780000
Feeditem,Promotion,2022-03-19,18779,2988,1275870000
Feeditem,Promotion,2022-03-20,19380,3320,1533370000
Feeditem,Promotion,2022-03-21,34151,6966,3463330000
Feeditem,Promotion,2022-03-22,36234,8347,3325180000
Feeditem,Promotion,2022-03-23,32182,5816,3594510000
Feeditem,Promotion,2022-03-24,30653,5234,3353460000
Feeditem,Promotion,2022-03-25,28123,3763,3045000000
Feeditem,Promotion,2022-03-26,19068,2920,1251390000
Feeditem,Promotion,2022-03-27,18764,2795,1444860000
Feeditem,Promotion,2022-03-28,33347,5083,3441080000
Feeditem,Promotion,2022-03-29,33522,4798,3704860000
Feeditem,Promotion,2022-03-30,32912,4789,3671340000
Feeditem,Promotion,2022-03-31,29470,4002,2794070000
Feeditem,Promotion,2022-04-01,26076,3900,1992740000
Feeditem,Promotion,2022-04-02,17955,2764,758420000
Feeditem,Promotion,2022-04-03,18320,2367,1001390000
Feeditem,Promotion,2022-04-04,34769,6049,2498020000
Feeditem,Promotion,2022-04-05,32121,5160,2326400000
Feeditem,Promotion,2022-04-06,34415,5377,2787410000
Feeditem,Promotion,2022-04-07,45155,4944,3441380000
Feeditem,Promotion,2022-04-08,44032,4446,3019940000
Feeditem,Promotion,2022-04-09,25637,3087,1051790000
Feeditem,Promotion,2022-04-10,21681,2293,1171930000
Feeditem,Promotion,2022-04-11,85296,9219,4788240000
Feeditem,Promotion,2022-04-12,22886,3501,823360000
Feeditem,Sitelink,2022-01-01,11984164,1247627,11275573051411
Feeditem,Sitelink,2022-01-02,11298841,1350908,13249915791348
Feeditem,Sitelink,2022-01-03,9621194,1338908,15113704485461
Feeditem,Sitelink,2022-01-04,9561097,1338991,13247847465453
Feeditem,Sitelink,2022-01-05,10302409,1348804,13158450989466
Feeditem,Sitelink,2022-01-06,10447048,1346719,13202233194666
Feeditem,Sitelink,2022-01-07,12585345,1696935,14326800925566
Feeditem,Sitelink,2022-01-08,13678997,1905887,15711076632489
Feeditem,Sitelink,2022-01-09,12428273,1730375,13905504607638
Feeditem,Sitelink,2022-01-10,11331500,1538280,13773025337350
Feeditem,Sitelink,2022-01-11,11074481,1467255,12788219391186
Feeditem,Sitelink,2022-01-12,10888381,1436571,12008422466080
Feeditem,Sitelink,2022-01-13,10735428,1433974,18418020059761
Feeditem,Sitelink,2022-01-14,11335655,1660800,38626103428151
Feeditem,Sitelink,2022-01-15,11962169,1655801,22426291712858
Feeditem,Sitelink,2022-01-16,11738241,1567488,27510218992260
Feeditem,Sitelink,2022-01-17,11346553,1560667,49224183927616
Feeditem,Sitelink,2022-01-18,11260878,1510071,40873499000568
Feeditem,Sitelink,2022-01-19,11004672,1460467,42942996096951
Feeditem,Sitelink,2022-01-20,11093786,1487649,42902908333986
Feeditem,Sitelink,2022-01-21,11097150,1404032,26686171273802
Feeditem,Sitelink,2022-01-22,11429056,1493757,16623853737551
Feeditem,Sitelink,2022-01-23,12120808,1518858,21891837269277
Feeditem,Sitelink,2022-01-24,11801290,1430369,30220821691159
Feeditem,Sitelink,2022-01-25,11584826,1427180,23666482677292
Feeditem,Sitelink,2022-01-26,11802488,1470865,23169304176661
Feeditem,Sitelink,2022-01-27,11451455,1351220,19865904859773
Feeditem,Sitelink,2022-01-28,12064769,1337957,18307201556472
Feeditem,Sitelink,2022-01-29,11920328,1373828,12150092263013
Feeditem,Sitelink,2022-01-30,12519362,1379636,14054761165486
Feeditem,Sitelink,2022-01-31,11863290,1324452,15201636159909
Feeditem,Sitelink,2022-02-01,11369615,1283239,15442755463484
Feeditem,Sitelink,2022-02-02,11000837,1273566,16823791064846
Feeditem,Sitelink,2022-02-03,10982585,1285831,17926255867473
Feeditem,Sitelink,2022-02-04,11078828,1287044,18857296175502
Feeditem,Sitelink,2022-02-05,12015331,1283279,15631547108556
Feeditem,Sitelink,2022-02-06,11586357,1326806,19201416451226
Feeditem,Sitelink,2022-02-07,10785039,1294529,25719074002660
Feeditem,Sitelink,2022-02-08,9949949,1221721,25450062796488
Feeditem,Sitelink,2022-02-09,9706066,1209949,23809030272545
Feeditem,Sitelink,2022-02-10,9295463,1174419,25992079735923
Feeditem,Sitelink,2022-02-11,10090373,1207797,29543596972365
Feeditem,Sitelink,2022-02-12,9541655,1013525,17327883615727
Feeditem,Sitelink,2022-02-13,8636332,884276,15693856725212
Feeditem,Sitelink,2022-02-14,7516707,778642,26943609400912
Feeditem,Sitelink,2022-02-15,7764666,801018,25002130830228
Feeditem,Sitelink,2022-02-16,7591904,745576,26580524114208
Feeditem,Sitelink,2022-02-17,2086085,401827,21995313561520
Feeditem,Sitelink,2022-02-18,1728462,349402,21279171194767
Feeditem,Sitelink,2022-02-19,1425138,311515,11419035542731
Feeditem,Sitelink,2022-02-20,1503742,319166,11612073886351
Feeditem,Sitelink,2022-02-21,1893185,385669,25418268672452
Feeditem,Sitelink,2022-02-22,1832028,366689,22990136395556
Feeditem,Sitelink,2022-02-23,1826553,362715,22304417113570
Feeditem,Sitelink,2022-02-24,1762216,351439,20965220121794
Feeditem,Sitelink,2022-02-25,1630392,331560,18678275880657
Feeditem,Sitelink,2022-02-26,1468359,306246,10360318716554
Feeditem,Sitelink,2022-02-27,1484110,315304,9813449986419
Feeditem,Sitelink,2022-02-28,1878803,367954,26079628858850
Feeditem,Sitelink,2022-03-01,1705482,330284,21232476460272
Feeditem,Sitelink,2022-03-02,1747583,352082,22352748029198
Feeditem,Sitelink,2022-03-03,1702001,324134,21397953021562
Feeditem,Sitelink,2022-03-04,1287179,214049,20028161981565
Feeditem,Sitelink,2022-03-05,808611,138947,10999853349264
Feeditem,Sitelink,2022-03-06,847005,147089,11236893889899
Feeditem,Sitelink,2022-03-07,1062573,186694,24978310592281
Feeditem,Sitelink,2022-03-08,950128,148633,22970771117269
Feeditem,Sitelink,2022-03-09,1063872,205449,23630840125090
Feeditem,Sitelink,2022-03-10,927904,186189,8977716855146
Feeditem,Sitelink,2022-03-11,748080,134946,1920823102375
Feeditem,Sitelink,2022-03-12,735516,153393,1748434866764
Feeditem,Sitelink,2022-03-13,751463,156173,1734416272500
Feeditem,Sitelink,2022-03-14,891666,187242,2468609327182
Feeditem,Sitelink,2022-03-15,865351,185821,2209712485999
Feeditem,Sitelink,2022-03-16,868692,182878,2371858463900
Feeditem,Sitelink,2022-03-17,859777,174686,2248444800921
Feeditem,Sitelink,2022-03-18,849526,169300,2053370942021
Feeditem,Sitelink,2022-03-19,726781,148788,1725211399871
Feeditem,Sitelink,2022-03-20,765536,155675,1560700678245
Feeditem,Sitelink,2022-03-21,936454,189482,2011856985067
Feeditem,Sitelink,2022-03-22,909464,182748,2411373132838
Feeditem,Sitelink,2022-03-23,906660,181009,2555537420821
Feeditem,Sitelink,2022-03-24,858698,170803,2607123647300
Feeditem,Sitelink,2022-03-25,803470,159042,2511727118361
Feeditem,Sitelink,2022-03-26,701260,140883,2260790121145
Feeditem,Sitelink,2022-03-27,705792,142025,2239699936225
Feeditem,Sitelink,2022-03-28,884024,179739,3322501958168
Feeditem,Sitelink,2022-03-29,904551,182876,3272664616201
Feeditem,Sitelink,2022-03-30,880098,183332,3061861748490
Feeditem,Sitelink,2022-03-31,827207,173239,3709209108769
Feeditem,Sitelink,2022-04-01,786700,167495,2403564276315
Feeditem,Sitelink,2022-04-02,691084,148607,2271622822101
Feeditem,Sitelink,2022-04-03,714726,157131,2024348501215
Feeditem,Sitelink,2022-04-04,867843,190271,2665582175566
Feeditem,Sitelink,2022-04-05,858478,186130,2790669121641
Feeditem,Sitelink,2022-04-06,832476,180889,3326074756108
Feeditem,Sitelink,2022-04-07,805904,176652,3058750720446
Feeditem,Sitelink,2022-04-08,804293,170138,2462680811882
Feeditem,Sitelink,2022-04-09,730843,150603,1988946437202
Feeditem,Sitelink,2022-04-10,719607,155017,1985350164336
Feeditem,Sitelink,2022-04-11,868159,181160,2811658595464
Feeditem,Sitelink,2022-04-12,240267,62246,256759982092
Feeditem,StructuredSnippet,2022-01-01,2208351,483115,2063771374099
Feeditem,StructuredSnippet,2022-01-02,2331289,508187,2113068489501
Feeditem,StructuredSnippet,2022-01-03,2086951,490467,2429798458981
Feeditem,StructuredSnippet,2022-01-04,2115763,493066,1790021006074
Feeditem,StructuredSnippet,2022-01-05,2240741,477962,1768055654213
Feeditem,StructuredSnippet,2022-01-06,2124930,491405,2192786646794
Feeditem,StructuredSnippet,2022-01-07,2805946,696138,3955686765093
Feeditem,StructuredSnippet,2022-01-08,3289328,870062,4695944794942
Feeditem,StructuredSnippet,2022-01-09,3008929,753466,3324570150797
Feeditem,StructuredSnippet,2022-01-10,2617470,616308,2689297209573
Feeditem,StructuredSnippet,2022-01-11,2475132,588481,2506060600496
Feeditem,StructuredSnippet,2022-01-12,2429280,559149,2152316704710
Feeditem,StructuredSnippet,2022-01-13,2467765,561955,3190550661067
Feeditem,StructuredSnippet,2022-01-14,2691591,714261,7686544040992
Feeditem,StructuredSnippet,2022-01-15,2712572,736334,4491238492278
Feeditem,StructuredSnippet,2022-01-16,2694080,677361,5194943377156
Feeditem,StructuredSnippet,2022-01-17,2674248,618589,9422681210842
Feeditem,StructuredSnippet,2022-01-18,2543997,591906,7149281119482
Feeditem,StructuredSnippet,2022-01-19,2474478,583435,7365442540591
Feeditem,StructuredSnippet,2022-01-20,2610084,620703,8329064559867
Feeditem,StructuredSnippet,2022-01-21,2751936,624891,5701581036864
Feeditem,StructuredSnippet,2022-01-22,2924564,694237,3302503544358
Feeditem,StructuredSnippet,2022-01-23,3051256,683940,4254137736790
Feeditem,StructuredSnippet,2022-01-24,2706091,586406,6128387097607
Feeditem,StructuredSnippet,2022-01-25,2623284,588527,4250557694430
Feeditem,StructuredSnippet,2022-01-26,2686315,611296,4062577333624
Feeditem,StructuredSnippet,2022-01-27,2551502,538366,3521796670818
Feeditem,StructuredSnippet,2022-01-28,2548328,539866,3197669714271
Feeditem,StructuredSnippet,2022-01-29,2607440,569564,2333688275551
Feeditem,StructuredSnippet,2022-01-30,2667859,558357,2763653147904
Feeditem,StructuredSnippet,2022-01-31,2666512,500832,3642169760090
Feeditem,StructuredSnippet,2022-02-01,2428160,493292,3396857838916
Feeditem,StructuredSnippet,2022-02-02,2396945,479534,3490816008353
Feeditem,StructuredSnippet,2022-02-03,2417945,491652,3496270413880
Feeditem,StructuredSnippet,2022-02-04,2458448,483046,3239198222503
Feeditem,StructuredSnippet,2022-02-05,2702298,494438,2599961848070
Feeditem,StructuredSnippet,2022-02-06,2535848,493018,2999809441422
Feeditem,StructuredSnippet,2022-02-07,2325274,448545,4916785531301
Feeditem,StructuredSnippet,2022-02-08,2104860,425332,5326850580382
Feeditem,StructuredSnippet,2022-02-09,2013574,426173,4662156877706
Feeditem,StructuredSnippet,2022-02-10,1983483,430056,5256732227403
Feeditem,StructuredSnippet,2022-02-11,2186280,503530,5602038589291
Feeditem,StructuredSnippet,2022-02-12,1933326,429007,3365841260500
Feeditem,StructuredSnippet,2022-02-13,1714308,361075,3037954840000
Feeditem,StructuredSnippet,2022-02-14,1512908,296280,5381226931555
Feeditem,StructuredSnippet,2022-02-15,1427131,296199,4998068229208
Feeditem,StructuredSnippet,2022-02-16,1557350,278080,5081884419553
Feeditem,StructuredSnippet,2022-02-17,404377,86982,3404194406377
Feeditem,StructuredSnippet,2022-02-18,307561,67459,3070510769464
Feeditem,StructuredSnippet,2022-02-19,262010,61897,1724160774947
Feeditem,StructuredSnippet,2022-02-20,276850,66223,1701918230000
Feeditem,StructuredSnippet,2022-02-21,335353,74903,4515259714543
Feeditem,StructuredSnippet,2022-02-22,334758,70925,3994015031887
Feeditem,StructuredSnippet,2022-02-23,315177,67896,3944248920802
Feeditem,StructuredSnippet,2022-02-24,285711,61337,3388640709508
Feeditem,StructuredSnippet,2022-02-25,270231,60567,3103040403647
Feeditem,StructuredSnippet,2022-02-26,237650,54840,1254950844988
Feeditem,StructuredSnippet,2022-02-27,241179,55998,1041627420000
Feeditem,StructuredSnippet,2022-02-28,308607,65865,4160754801401
Feeditem,StructuredSnippet,2022-03-01,313609,64999,3472671564372
Feeditem,StructuredSnippet,2022-03-02,292281,66601,3355051687438
Feeditem,StructuredSnippet,2022-03-03,250871,63647,3275438390402
Feeditem,StructuredSnippet,2022-03-04,212087,50466,2994149720001
Feeditem,StructuredSnippet,2022-03-05,192912,52676,1585444020000
Feeditem,StructuredSnippet,2022-03-06,210084,57594,1342990660000
Feeditem,StructuredSnippet,2022-03-07,256305,65765,3800492310000
Feeditem,StructuredSnippet,2022-03-08,173745,27965,3257419484500
Feeditem,StructuredSnippet,2022-03-09,264048,78890,3392948352500
Feeditem,StructuredSnippet,2022-03-10,224385,73220,303516900000
Feeditem,StructuredSnippet,2022-03-11,164383,41318,37572380000
Feeditem,StructuredSnippet,2022-03-12,194960,61662,44137476499
Feeditem,StructuredSnippet,2022-03-13,193378,62028,22146360000
Feeditem,StructuredSnippet,2022-03-14,226430,68253,40565843000
Feeditem,StructuredSnippet,2022-03-15,223218,68073,31022543000
Feeditem,StructuredSnippet,2022-03-16,222294,66384,45645803000
Feeditem,StructuredSnippet,2022-03-17,214096,64457,44145153000
Feeditem,StructuredSnippet,2022-03-18,205006,62741,31587161500
Feeditem,StructuredSnippet,2022-03-19,183560,57507,21370064000
Feeditem,StructuredSnippet,2022-03-20,192850,60541,24219842000
Feeditem,StructuredSnippet,2022-03-21,230670,68020,50072721000
Feeditem,StructuredSnippet,2022-03-22,221125,64295,39857165500
Feeditem,StructuredSnippet,2022-03-23,221958,63140,39276740000
Feeditem,StructuredSnippet,2022-03-24,200363,58760,47805084000
Feeditem,StructuredSnippet,2022-03-25,183440,55283,42856789500
Feeditem,StructuredSnippet,2022-03-26,169861,52129,46563560000
Feeditem,StructuredSnippet,2022-03-27,169283,52526,25640670000
Feeditem,StructuredSnippet,2022-03-28,218180,61181,46828750000
Feeditem,StructuredSnippet,2022-03-29,234958,64396,40478819500
Feeditem,StructuredSnippet,2022-03-30,231891,63816,42786550000
Feeditem,StructuredSnippet,2022-03-31,215784,61983,102009909500
Feeditem,StructuredSnippet,2022-04-01,209065,59553,62631680000
Feeditem,StructuredSnippet,2022-04-02,188428,57134,55731350000
Feeditem,StructuredSnippet,2022-04-03,204015,62245,42001710000
Feeditem,StructuredSnippet,2022-04-04,233468,67596,61914452000
Feeditem,StructuredSnippet,2022-04-05,228528,66243,62744040424
Feeditem,StructuredSnippet,2022-04-06,224689,63098,64054835499
Feeditem,StructuredSnippet,2022-04-07,219184,62169,43613995400
Feeditem,StructuredSnippet,2022-04-08,204840,57776,38254747500
Feeditem,StructuredSnippet,2022-04-09,191749,55267,48917797884
Feeditem,StructuredSnippet,2022-04-10,199955,58192,27218409400
Feeditem,StructuredSnippet,2022-04-11,215816,61483,58389902872
Feeditem,StructuredSnippet,2022-04-12,64061,22827,6622151377
Asset,Call,2022-02-11,63,2,139000000
Asset,Call,2022-02-12,63,4,242000000
Asset,Call,2022-02-14,95,7,301000000
Asset,Call,2022-02-15,93,5,326000000
Asset,Call,2022-02-16,404,8,196000000
Asset,Call,2022-02-17,443,13,460000000
Asset,Call,2022-02-18,454,10,274000000
Asset,Call,2022-02-19,467,7,177000000
Asset,Call,2022-02-20,355,7,171000000
Asset,Call,2022-02-21,589,7,285000000
Asset,Call,2022-02-22,589,8,215000000
Asset,Call,2022-02-23,430,11,311000000
Asset,Call,2022-02-24,492,11,301000000
Asset,Call,2022-02-25,451,23,469000000
Asset,Call,2022-02-26,340,11,227000000
Asset,Call,2022-02-27,274,6,139000000
Asset,Call,2022-02-28,541,14,178000000
Asset,Call,2022-03-01,511,14,246000000
Asset,Call,2022-03-02,408,14,229000000
Asset,Call,2022-03-03,479,5,175000000
Asset,Call,2022-03-04,507,14,377000000
Asset,Call,2022-03-05,412,7,313000000
Asset,Call,2022-03-06,255,6,176000000
Asset,Call,2022-03-07,607,17,413000000
Asset,Call,2022-03-08,472,17,560000000
Asset,Call,2022-03-09,718,11,566000000
Asset,Call,2022-03-10,723,21,602000000
Asset,Call,2022-03-11,673,26,1008000000
Asset,Call,2022-03-12,560,25,1118000000
Asset,Call,2022-03-13,554,26,691000000
Asset,Call,2022-03-14,874,32,1341000000
Asset,Call,2022-03-15,631,22,1194000000
Asset,Call,2022-03-16,894,22,786000000
Asset,Call,2022-03-17,684,32,1163000000
Asset,Call,2022-03-18,623,17,749000000
Asset,Call,2022-03-19,498,15,741000000
Asset,Call,2022-03-20,444,18,584000000
Asset,Call,2022-03-21,857,21,761000000
Asset,Call,2022-03-22,639,17,954000000
Asset,Call,2022-03-23,842,20,864000000
Asset,Call,2022-03-24,829,19,1022000000
Asset,Call,2022-03-25,878,16,615000000
Asset,Call,2022-03-26,639,20,572000000
Asset,Call,2022-03-27,498,8,351000000
Asset,Call,2022-03-28,802,27,1129000000
Asset,Call,2022-03-29,603,32,900760000
Asset,Call,2022-03-30,1661,152,892130000
Asset,Call,2022-03-31,1387,108,534720000
Asset,Call,2022-04-01,1642,112,910500000
Asset,Call,2022-04-02,1630,111,722880000
Asset,Call,2022-04-03,1102,57,549090000
Asset,Call,2022-04-04,2492,158,1118820000
Asset,Call,2022-04-05,1627,122,1058260000
Asset,Call,2022-04-06,1657,98,1043500000
Asset,Call,2022-04-07,1569,129,1358810000
Asset,Call,2022-04-08,1672,116,1110360000
Asset,Call,2022-04-09,1345,79,920920000
Asset,Call,2022-04-10,1084,57,662080000
Asset,Call,2022-04-11,2132,129,700070000
Asset,Call,2022-04-12,917,54,750680000
Asset,Callout,2022-01-01,25600,2570,37600880000
Asset,Callout,2022-01-02,32414,3205,48001460000
Asset,Callout,2022-01-03,33794,2996,57197510000
Asset,Callout,2022-01-04,35888,3238,58320020000
Asset,Callout,2022-01-05,34181,2936,51423370000
Asset,Callout,2022-01-06,33185,2856,49256600000
Asset,Callout,2022-01-07,31425,2782,51231190000
Asset,Callout,2022-01-08,28009,2409,39984480000
Asset,Callout,2022-01-09,32001,2900,36235230000
Asset,Callout,2022-01-10,36790,3390,52785670000
Asset,Callout,2022-01-11,40225,3375,54569310000
Asset,Callout,2022-01-12,38472,3215,55640620000
Asset,Callout,2022-01-13,36777,3046,52939140000
Asset,Callout,2022-01-14,33664,2556,43485580000
Asset,Callout,2022-01-15,26087,2069,34231460000
Asset,Callout,2022-01-16,31656,2760,33646600000
Asset,Callout,2022-01-17,38762,2941,54543550000
Asset,Callout,2022-01-18,39853,2978,57162960000
Asset,Callout,2022-01-19,36633,2947,58074660000
Asset,Callout,2022-01-20,35057,2682,56775310000
Asset,Callout,2022-01-21,34526,2540,48954960000
Asset,Callout,2022-01-22,28663,2239,38469900000
Asset,Callout,2022-01-23,32893,2939,40107160000
Asset,Callout,2022-01-24,42188,3294,51921530000
Asset,Callout,2022-01-25,42895,3574,54319780000
Asset,Callout,2022-01-26,45653,3565,56637060000
Asset,Callout,2022-01-27,41279,3446,57940960000
Asset,Callout,2022-01-28,44452,3500,49738140000
Asset,Callout,2022-01-29,36546,3024,38324560000
Asset,Callout,2022-01-30,40664,3731,37679730000
Asset,Callout,2022-01-31,47489,3943,49616780000
Asset,Callout,2022-02-01,44582,3737,56538470000
Asset,Callout,2022-02-02,46078,3938,62219500000
Asset,Callout,2022-02-03,51084,5012,61275330000
Asset,Callout,2022-02-04,73061,7147,67972836792
Asset,Callout,2022-02-05,64726,6407,50215734242
Asset,Callout,2022-02-06,73018,7210,51350500000
Asset,Callout,2022-02-07,90242,8515,66954843108
Asset,Callout,2022-02-08,196674,16402,90969045815
Asset,Callout,2022-02-09,358682,33732,101065410933
Asset,Callout,2022-02-10,1051054,96151,243443555518
Asset,Callout,2022-02-11,2691153,258232,558491331280
Asset,Callout,2022-02-12,3543174,357872,1624251551878
Asset,Callout,2022-02-13,4212636,448537,2586572490584
Asset,Callout,2022-02-14,3933609,436862,3385914832113
Asset,Callout,2022-02-15,3941496,442457,3178312493642
Asset,Callout,2022-02-16,4641884,447305,3383834451197
Asset,Callout,2022-02-17,8777272,760105,5984424260832
Asset,Callout,2022-02-18,8688858,801168,5951375770838
Asset,Callout,2022-02-19,9184896,860010,6118411644413
Asset,Callout,2022-02-20,9841514,885813,5942865535863
Asset,Callout,2022-02-21,8613339,798645,6095252481397
Asset,Callout,2022-02-22,9109240,767803,5735485811706
Asset,Callout,2022-02-23,9503350,780899,6050591082652
Asset,Callout,2022-02-24,10278322,734142,5727182235208
Asset,Callout,2022-02-25,11271404,745210,5729196952457
Asset,Callout,2022-02-26,11988083,794397,6186416497632
Asset,Callout,2022-02-27,11397898,799689,6262368182972
Asset,Callout,2022-02-28,9692846,739152,5798826449294
Asset,Callout,2022-03-01,9751249,809203,6120034347131
Asset,Callout,2022-03-02,9203893,790130,6264149074983
Asset,Callout,2022-03-03,9439344,844489,6519218834642
Asset,Callout,2022-03-04,9903749,872333,5493625448500
Asset,Callout,2022-03-05,10888024,938660,6572289956075
Asset,Callout,2022-03-06,10769057,988569,6445332677098
Asset,Callout,2022-03-07,10445028,875532,5970826057095
Asset,Callout,2022-03-08,9241661,746631,5133792386941
Asset,Callout,2022-03-09,10229738,1112611,20596501503603
Asset,Callout,2022-03-10,10069200,1089486,32355500926588
Asset,Callout,2022-03-11,9089260,991890,30831493444848
Asset,Callout,2022-03-12,10901076,1148372,31874449284566
Asset,Callout,2022-03-13,10600790,1136209,29287865069518
Asset,Callout,2022-03-14,9985544,1071460,40057599706710
Asset,Callout,2022-03-15,8914249,1005805,35361460617783
Asset,Callout,2022-03-16,9539302,1003406,37625213528926
Asset,Callout,2022-03-17,9779776,985554,36672728645027
Asset,Callout,2022-03-18,9779396,1095965,37536878707224
Asset,Callout,2022-03-19,10652986,1019535,18875788028724
Asset,Callout,2022-03-20,10995248,1045969,18680427432523
Asset,Callout,2022-03-21,9581812,997915,29210045501551
Asset,Callout,2022-03-22,10026632,957854,29151542235534
Asset,Callout,2022-03-23,9291695,986030,29252353016746
Asset,Callout,2022-03-24,9074371,972975,31059151065393
Asset,Callout,2022-03-25,8968921,981493,35015451264426
Asset,Callout,2022-03-26,9672091,976219,30564567694292
Asset,Callout,2022-03-27,9690197,968932,25794139393447
Asset,Callout,2022-03-28,9140979,955018,32833471763500
Asset,Callout,2022-03-29,8193844,948272,29757360759323
Asset,Callout,2022-03-30,8155397,926309,28896341322607
Asset,Callout,2022-03-31,8113303,940770,25952531152541
Asset,Callout,2022-04-01,8670728,1039589,25006471134454
Asset,Callout,2022-04-02,8268843,1040774,23138022940506
Asset,Callout,2022-04-03,8075059,1032939,21948581662785
Asset,Callout,2022-04-04,7801998,927336,28570936658816
Asset,Callout,2022-04-05,7652347,905380,27326956544695
Asset,Callout,2022-04-06,7809118,876773,26119860796683
Asset,Callout,2022-04-07,7696034,868772,26286150922318
Asset,Callout,2022-04-08,7472156,866729,22078888336864
Asset,Callout,2022-04-09,7378725,889740,18463586136377
Asset,Callout,2022-04-10,8164499,908649,20758403397291
Asset,Callout,2022-04-11,7300916,857288,23905475007675
Asset,Callout,2022-04-12,2718962,334550,27263540177540
Asset,Callout,2022-04-13,108,18,4470000
Asset,LeadForm,2022-01-01,9097,1363,551123889390
Asset,LeadForm,2022-01-02,10171,1683,853498809749
Asset,LeadForm,2022-01-03,15420,2345,1044163257073
Asset,LeadForm,2022-01-04,22569,3160,1043270266816
Asset,LeadForm,2022-01-05,27505,3843,1003357199975
Asset,LeadForm,2022-01-06,27798,4061,1079539125137
Asset,LeadForm,2022-01-07,28913,4461,1011220712428
Asset,LeadForm,2022-01-08,22256,3673,877536856908
Asset,LeadForm,2022-01-09,24633,3939,1124622800727
Asset,LeadForm,2022-01-10,31766,4548,1037783062302
Asset,LeadForm,2022-01-11,27329,3737,1132134653034
Asset,LeadForm,2022-01-12,25052,3374,1162087117858
Asset,LeadForm,2022-01-13,25338,3154,1127016820781
Asset,LeadForm,2022-01-14,24376,2986,1185980097332
Asset,LeadForm,2022-01-15,16688,2489,1122386655838
Asset,LeadForm,2022-01-16,15948,2260,943133222612
Asset,LeadForm,2022-01-17,22146,2813,1161394628730
Asset,LeadForm,2022-01-18,25768,3118,1185539932992
Asset,LeadForm,2022-01-19,25691,3342,1465613058690
Asset,LeadForm,2022-01-20,24171,3201,1233863475967
Asset,LeadForm,2022-01-21,22503,3101,1136178188876
Asset,LeadForm,2022-01-22,16122,2351,989645948359
Asset,LeadForm,2022-01-23,16650,2316,945560254545
Asset,LeadForm,2022-01-24,26528,3057,1076099555802
Asset,LeadForm,2022-01-25,27959,3353,1158761655601
Asset,LeadForm,2022-01-26,29019,3463,1180502978597
Asset,LeadForm,2022-01-27,29884,3567,1109714461840
Asset,LeadForm,2022-01-28,27703,3206,954083221807
Asset,LeadForm,2022-01-29,16792,2289,916903900324
Asset,LeadForm,2022-01-30,15257,2132,514082183164
Asset,LeadForm,2022-01-31,25635,2825,161415950056
Asset,LeadForm,2022-02-01,25743,2695,48884026324
Asset,LeadForm,2022-02-02,27783,2890,53081894960
Asset,LeadForm,2022-02-03,25038,2624,53715221524
Asset,LeadForm,2022-02-04,21638,2422,59150503733
Asset,LeadForm,2022-02-05,13676,1642,61141181587
Asset,LeadForm,2022-02-06,13725,1796,75819591331
Asset,LeadForm,2022-02-07,25041,2788,69969663456
Asset,LeadForm,2022-02-08,25289,2704,73444071817
Asset,LeadForm,2022-02-09,25795,2736,81864007590
Asset,LeadForm,2022-02-10,24915,2497,65504614732
Asset,LeadForm,2022-02-11,21526,2243,124134247583
Asset,LeadForm,2022-02-12,14120,1732,98920937317
Asset,LeadForm,2022-02-13,13820,1656,98452324930
Asset,LeadForm,2022-02-14,23936,2462,132519294854
Asset,LeadForm,2022-02-15,23309,2524,118777127939
Asset,LeadForm,2022-02-16,23756,2442,143488698550
Asset,LeadForm,2022-02-17,23180,2382,121259623481
Asset,LeadForm,2022-02-18,18493,1954,55790776175
Asset,LeadForm,2022-02-19,11363,1320,29150669377
Asset,LeadForm,2022-02-20,12718,1403,39279641883
Asset,LeadForm,2022-02-21,19104,2083,55949451741
Asset,LeadForm,2022-02-22,19638,2256,72511720090
Asset,LeadForm,2022-02-23,20689,2272,62497127421
Asset,LeadForm,2022-02-24,19557,2067,58632471097
Asset,LeadForm,2022-02-25,14891,1701,52158277386
Asset,LeadForm,2022-02-26,9089,1143,52657885940
Asset,LeadForm,2022-02-27,9317,1121,42882860498
Asset,LeadForm,2022-02-28,19355,2028,45978782733
Asset,LeadForm,2022-03-01,16608,1771,34553294539
Asset,LeadForm,2022-03-02,17508,1881,54717304767
Asset,LeadForm,2022-03-03,18182,1835,62046912117
Asset,LeadForm,2022-03-04,22721,1811,70353887739
Asset,LeadForm,2022-03-05,11969,1052,57192867063
Asset,LeadForm,2022-03-06,12701,1271,61802091996
Asset,LeadForm,2022-03-07,25312,2283,73045857864
Asset,LeadForm,2022-03-08,22730,2258,73332735498
Asset,LeadForm,2022-03-09,22109,2173,86925446208
Asset,LeadForm,2022-03-10,22675,2191,84883056868
Asset,LeadForm,2022-03-11,18231,1851,55801700628
Asset,LeadForm,2022-03-12,12609,1283,61611615577
Asset,LeadForm,2022-03-13,11923,1345,65223587751
Asset,LeadForm,2022-03-14,19505,1953,75499641205
Asset,LeadForm,2022-03-15,21170,2047,68748480004
Asset,LeadForm,2022-03-16,22693,2161,63623427477
Asset,LeadForm,2022-03-17,22272,2059,71708204353
Asset,LeadForm,2022-03-18,21093,1938,72224323902
Asset,LeadForm,2022-03-19,13333,1286,56922197347
Asset,LeadForm,2022-03-20,14011,1357,68869431487
Asset,LeadForm,2022-03-21,24666,2224,83542467458
Asset,LeadForm,2022-03-22,23049,2229,80218383013
Asset,LeadForm,2022-03-23,23291,2208,91094101688
Asset,LeadForm,2022-03-24,23517,2188,88163514009
Asset,LeadForm,2022-03-25,21038,2003,72187512497
Asset,LeadForm,2022-03-26,12356,1116,54836467785
Asset,LeadForm,2022-03-27,13466,1183,60204621309
Asset,LeadForm,2022-03-28,27280,2317,84784250336
Asset,LeadForm,2022-03-29,26128,2352,69355106460
Asset,LeadForm,2022-03-30,25541,2327,71826195822
Asset,LeadForm,2022-03-31,24440,2394,632018559418
Asset,LeadForm,2022-04-01,17845,1914,301417078510
Asset,LeadForm,2022-04-02,13558,1337,192086153006
Asset,LeadForm,2022-04-03,14040,1440,200939211698
Asset,LeadForm,2022-04-04,24290,2424,178715975633
Asset,LeadForm,2022-04-05,23527,2480,166850857775
Asset,LeadForm,2022-04-06,25974,2628,177387676565
Asset,LeadForm,2022-04-07,25215,2445,152905219080
Asset,LeadForm,2022-04-08,21908,2103,154407685906
Asset,LeadForm,2022-04-09,13731,1449,99926541783
Asset,LeadForm,2022-04-10,15438,1553,110214287589
Asset,LeadForm,2022-04-11,27758,2778,132219800767
Asset,LeadForm,2022-04-12,4206,390,20995378023
Asset,Promotion,2022-01-03,1723,266,220990000
Asset,Promotion,2022-01-04,2327,328,315690000
Asset,Promotion,2022-01-05,2351,292,306810000
Asset,Promotion,2022-01-06,1982,322,280380000
Asset,Promotion,2022-01-07,2217,368,337290000
Asset,Promotion,2022-01-08,1479,184,131920000
Asset,Promotion,2022-01-09,1716,214,144510000
Asset,Promotion,2022-01-10,2423,343,337450000
Asset,Promotion,2022-01-11,2531,383,296560000
Asset,Promotion,2022-01-12,2586,444,363630000
Asset,Promotion,2022-01-13,2247,369,271520000
Asset,Promotion,2022-01-14,2086,309,268330000
Asset,Promotion,2022-01-15,1525,258,165630000
Asset,Promotion,2022-01-16,1439,233,151830000
Asset,Promotion,2022-01-17,139,46,22760000
Asset,Promotion,2022-01-18,104,43,26560000
Asset,Promotion,2022-01-19,102,43,23140000
Asset,Promotion,2022-01-20,123,48,21340000
Asset,Promotion,2022-01-21,129,50,18110000
Asset,Promotion,2022-01-22,125,51,17070000
Asset,Promotion,2022-01-23,168,72,39970000
Asset,Promotion,2022-01-24,250,118,58050000
Asset,Promotion,2022-01-25,204,89,29950000
Asset,Promotion,2022-01-26,259,116,27450000
Asset,Promotion,2022-01-27,255,97,31370000
Asset,Promotion,2022-01-28,222,98,39060000
Asset,Promotion,2022-01-29,218,115,33510000
Asset,Promotion,2022-01-30,256,119,41600000
Asset,Promotion,2022-01-31,152,45,16820000
Asset,Promotion,2022-02-01,119,42,16070000
Asset,Promotion,2022-02-02,164,60,29140000
Asset,Promotion,2022-02-03,167,66,34980000
Asset,Promotion,2022-02-04,100,46,16950000
Asset,Promotion,2022-02-05,135,50,24620000
Asset,Promotion,2022-02-06,150,56,31010000
Asset,Promotion,2022-02-07,1027,82,54550279
Asset,Promotion,2022-02-08,1867,310,88719418
Asset,Promotion,2022-02-09,1921,270,119407840
Asset,Promotion,2022-02-10,4531,948,2671404607
Asset,Promotion,2022-02-11,4560,1062,2938371496
Asset,Promotion,2022-02-12,4457,986,2017970000
Asset,Promotion,2022-02-13,4751,994,1886401678
Asset,Promotion,2022-02-14,5537,1141,3238282114
Asset,Promotion,2022-02-15,6093,1297,3642320000
Asset,Promotion,2022-02-16,12274,2248,5746148228
Asset,Promotion,2022-02-17,27291,3918,13458511541
Asset,Promotion,2022-02-18,23145,3613,11613810199
Asset,Promotion,2022-02-19,18654,3183,9455430548
Asset,Promotion,2022-02-20,20677,3372,9677799179
Asset,Promotion,2022-02-21,31283,5062,18761219993
Asset,Promotion,2022-02-22,33353,5271,19042022968
Asset,Promotion,2022-02-23,29872,4625,17213029743
Asset,Promotion,2022-02-24,25304,3774,12050399978
Asset,Promotion,2022-02-25,20248,3165,9464733784
Asset,Promotion,2022-02-26,14740,2430,6242850000
Asset,Promotion,2022-02-27,16783,2777,7134922585
Asset,Promotion,2022-02-28,27561,4053,13149257203
Asset,Promotion,2022-03-01,28204,4055,13934954892
Asset,Promotion,2022-03-02,28018,4106,13835307223
Asset,Promotion,2022-03-03,100703,6555,15134181322
Asset,Promotion,2022-03-04,86486,5532,11861058790
Asset,Promotion,2022-03-05,96781,5412,8955526142
Asset,Promotion,2022-03-06,109186,6177,10615540000
Asset,Promotion,2022-03-07,102727,7313,17981109353
Asset,Promotion,2022-03-08,96477,6400,15319730974
Asset,Promotion,2022-03-09,105668,7561,16390590000
Asset,Promotion,2022-03-10,103440,7096,15528327225
Asset,Promotion,2022-03-11,102372,6418,12965742076
Asset,Promotion,2022-03-12,29066,4145,10284044945
Asset,Promotion,2022-03-13,28656,4273,10075470000
Asset,Promotion,2022-03-14,43653,5894,16698298358
Asset,Promotion,2022-03-15,31781,5180,15515454550
Asset,Promotion,2022-03-16,31068,4945,15007870000
Asset,Promotion,2022-03-17,54833,5544,14158356940
Asset,Promotion,2022-03-18,82785,6354,13642103602
Asset,Promotion,2022-03-19,92075,5877,9659774848
Asset,Promotion,2022-03-20,105192,6964,10598969452
Asset,Promotion,2022-03-21,93667,7293,17091764872
Asset,Promotion,2022-03-22,80853,7157,19251231983
Asset,Promotion,2022-03-23,95187,7484,19137661884
Asset,Promotion,2022-03-24,84947,6624,16026056852
Asset,Promotion,2022-03-25,81362,5078,9116890000
Asset,Promotion,2022-03-26,81629,5247,7991375530
Asset,Promotion,2022-03-27,96572,7117,9210682082
Asset,Promotion,2022-03-28,80326,6351,11960509300
Asset,Promotion,2022-03-29,38133,4795,11331940000
Asset,Promotion,2022-03-30,38956,4801,10807732143
Asset,Promotion,2022-03-31,37360,4624,9997480996
Asset,Promotion,2022-04-01,29372,3801,9301393260
Asset,Promotion,2022-04-02,21370,3034,5985572774
Asset,Promotion,2022-04-03,24821,3579,7110105172
Asset,Promotion,2022-04-04,35057,4612,12988069227
Asset,Promotion,2022-04-05,32868,4603,12514002880
Asset,Promotion,2022-04-06,33199,4546,12302613478
Asset,Promotion,2022-04-07,73298,5772,12501327818
Asset,Promotion,2022-04-08,87152,5536,9875495805
Asset,Promotion,2022-04-09,102106,5940,8257125283
Asset,Promotion,2022-04-10,106735,6613,9188992676
Asset,Promotion,2022-04-11,103039,7027,13606940059
Asset,Promotion,2022-04-12,25849,1401,1000670000
Asset,Sitelink,2022-01-01,22510,2195,29762250000
Asset,Sitelink,2022-01-02,30870,3028,39394490000
Asset,Sitelink,2022-01-03,34893,3235,49813430000
Asset,Sitelink,2022-01-04,36100,3536,51433320000
Asset,Sitelink,2022-01-05,35080,3254,45976660000
Asset,Sitelink,2022-01-06,35026,3119,43464980000
Asset,Sitelink,2022-01-07,34720,3141,47812650000
Asset,Sitelink,2022-01-08,25587,2217,30435260000
Asset,Sitelink,2022-01-09,33713,2974,32842240000
Asset,Sitelink,2022-01-10,43669,3985,48636830000
Asset,Sitelink,2022-01-11,47726,4081,48795710000
Asset,Sitelink,2022-01-12,54904,4683,53326740000
Asset,Sitelink,2022-01-13,53011,4476,52550920000
Asset,Sitelink,2022-01-14,48591,4122,42998010000
Asset,Sitelink,2022-01-15,30868,2525,29240850000
Asset,Sitelink,2022-01-16,45065,3802,32134450000
Asset,Sitelink,2022-01-17,62917,4727,52616610000
Asset,Sitelink,2022-01-18,59710,4691,55173520000
Asset,Sitelink,2022-01-19,56514,4484,55375260000
Asset,Sitelink,2022-01-20,52952,4047,54643710000
Asset,Sitelink,2022-01-21,49697,3848,48005170000
Asset,Sitelink,2022-01-22,33047,2560,33714460000
Asset,Sitelink,2022-01-23,43069,3402,35677460000
Asset,Sitelink,2022-01-24,62019,4686,53020260000
Asset,Sitelink,2022-01-25,56713,4690,56094960000
Asset,Sitelink,2022-01-26,48273,3868,52804590000
Asset,Sitelink,2022-01-27,46577,3969,51286130000
Asset,Sitelink,2022-01-28,56009,4314,47963030000
Asset,Sitelink,2022-01-29,37399,3096,34673680000
Asset,Sitelink,2022-01-30,52010,4379,37094990000
Asset,Sitelink,2022-01-31,68587,5303,52529130000
Asset,Sitelink,2022-02-01,62025,4800,55135025315
Asset,Sitelink,2022-02-02,61420,4833,60164453164
Asset,Sitelink,2022-02-03,67665,6501,57839178543
Asset,Sitelink,2022-02-04,91126,9335,67312503031
Asset,Sitelink,2022-02-05,71260,8319,49918124833
Asset,Sitelink,2022-02-06,87630,10375,51415453610
Asset,Sitelink,2022-02-07,116592,12163,70298042440
Asset,Sitelink,2022-02-08,237688,21012,96236093357
Asset,Sitelink,2022-02-09,353783,35764,102465765827
Asset,Sitelink,2022-02-10,1023288,127832,294949441407
Asset,Sitelink,2022-02-11,1654819,248159,611536567077
Asset,Sitelink,2022-02-12,2213278,380741,1819538791653
Asset,Sitelink,2022-02-13,2651539,465427,2863469035247
Asset,Sitelink,2022-02-14,2874748,481247,3748371962495
Asset,Sitelink,2022-02-15,2958048,486974,3465136029944
Asset,Sitelink,2022-02-16,4233616,504515,3637795375906
Asset,Sitelink,2022-02-17,9016394,837443,6153922858686
Asset,Sitelink,2022-02-18,9340443,876824,6267166188228
Asset,Sitelink,2022-02-19,9751425,888930,6009255554636
Asset,Sitelink,2022-02-20,10078222,902018,5617728137461
Asset,Sitelink,2022-02-21,9204287,836357,5563591865536
Asset,Sitelink,2022-02-22,9148054,806372,5077044940505
Asset,Sitelink,2022-02-23,10460550,824495,5933565076805
Asset,Sitelink,2022-02-24,10985614,805769,5696805719853
Asset,Sitelink,2022-02-25,11148046,815182,6059121131040
Asset,Sitelink,2022-02-26,12052196,853452,6717725284542
Asset,Sitelink,2022-02-27,11785777,850765,6721223176184
Asset,Sitelink,2022-02-28,10759941,803689,6057140371842
Asset,Sitelink,2022-03-01,9557920,831756,6555124801995
Asset,Sitelink,2022-03-02,9171320,793225,6700999609729
Asset,Sitelink,2022-03-03,9232054,835129,7296973183526
Asset,Sitelink,2022-03-04,9480428,914644,6217522403378
Asset,Sitelink,2022-03-05,10319951,1004499,7439337616222
Asset,Sitelink,2022-03-06,10518753,1053888,7517773665428
Asset,Sitelink,2022-03-07,10128839,976736,6817328432630
Asset,Sitelink,2022-03-08,9357180,803259,6309361676899
Asset,Sitelink,2022-03-09,10967364,1295026,19348423308951
Asset,Sitelink,2022-03-10,10077948,1262937,32107675579628
Asset,Sitelink,2022-03-11,8821009,1078980,34371147743614
Asset,Sitelink,2022-03-12,10106679,1271718,34383758858633
Asset,Sitelink,2022-03-13,10340743,1252971,31590423947305
Asset,Sitelink,2022-03-14,9615949,1213802,43863204587523
Asset,Sitelink,2022-03-15,8618542,1140242,39084419456142
Asset,Sitelink,2022-03-16,8430679,1137961,42677809256706
Asset,Sitelink,2022-03-17,8692552,1145027,42650025977409
Asset,Sitelink,2022-03-18,9085224,1186404,41544650245192
Asset,Sitelink,2022-03-19,8988056,1123794,20639870893791
Asset,Sitelink,2022-03-20,8897494,1151722,20823760757243
Asset,Sitelink,2022-03-21,9242769,1144700,33597749403544
Asset,Sitelink,2022-03-22,9254998,1106952,32682326075350
Asset,Sitelink,2022-03-23,9114758,1140555,32854728529630
Asset,Sitelink,2022-03-24,8870995,1139932,35165280020936
Asset,Sitelink,2022-03-25,8951136,1149666,40678793098921
Asset,Sitelink,2022-03-26,8321318,1111809,35327686047648
Asset,Sitelink,2022-03-27,8614965,1087055,30017175861671
Asset,Sitelink,2022-03-28,8898093,1126711,39326240615822
Asset,Sitelink,2022-03-29,8532380,1120168,35279158573092
Asset,Sitelink,2022-03-30,8122390,1088664,33841623422988
Asset,Sitelink,2022-03-31,7866202,1103478,30615022698789
Asset,Sitelink,2022-04-01,7940319,1204254,29839675427786
Asset,Sitelink,2022-04-02,8137283,1192172,27708435097688
Asset,Sitelink,2022-04-03,7802524,1173923,26512377455136
Asset,Sitelink,2022-04-04,8078974,1120601,34276733047689
Asset,Sitelink,2022-04-05,7994442,1097762,33201171278593
Asset,Sitelink,2022-04-06,7589931,1058429,32043337684976
Asset,Sitelink,2022-04-07,7511353,1043288,32263847217729
Asset,Sitelink,2022-04-08,7176644,1021790,27248282894208
Asset,Sitelink,2022-04-09,7324636,1027657,22697911648825
Asset,Sitelink,2022-04-10,7124971,1033990,25295899087772
Asset,Sitelink,2022-04-11,7357588,1026255,29304847740699
Asset,Sitelink,2022-04-12,3093608,412187,32286792616678
Asset,Sitelink,2022-04-13,101,19,4570000
Asset,StructuredSnippet,2022-01-01,1916,130,2762760000
Asset,StructuredSnippet,2022-01-02,1857,147,4616020000
Asset,StructuredSnippet,2022-01-03,2901,215,10634120000
Asset,StructuredSnippet,2022-01-04,2861,263,12837480000
Asset,StructuredSnippet,2022-01-05,2888,170,8124990000
Asset,StructuredSnippet,2022-01-06,2569,186,9961580000
Asset,StructuredSnippet,2022-01-07,2790,181,8981960000
Asset,StructuredSnippet,2022-01-08,2213,143,2434140000
Asset,StructuredSnippet,2022-01-09,1789,100,2100510000
Asset,StructuredSnippet,2022-01-10,3093,242,9091320000
Asset,StructuredSnippet,2022-01-11,3180,238,9220640000
Asset,StructuredSnippet,2022-01-12,2880,204,11965810000
Asset,StructuredSnippet,2022-01-13,2889,199,11381330000
Asset,StructuredSnippet,2022-01-14,2716,206,8623060000
Asset,StructuredSnippet,2022-01-15,2014,124,2561440000
Asset,StructuredSnippet,2022-01-16,1910,120,3347510000
Asset,StructuredSnippet,2022-01-17,2753,173,8452360000
Asset,StructuredSnippet,2022-01-18,2300,151,10443430000
Asset,StructuredSnippet,2022-01-19,2554,164,9355480000
Asset,StructuredSnippet,2022-01-20,2554,157,10505910000
Asset,StructuredSnippet,2022-01-21,2249,142,8207470000
Asset,StructuredSnippet,2022-01-22,1673,116,3395560000
Asset,StructuredSnippet,2022-01-23,1522,114,4708890000
Asset,StructuredSnippet,2022-01-24,2786,177,10882640000
Asset,StructuredSnippet,2022-01-25,2799,194,12500710000
Asset,StructuredSnippet,2022-01-26,2797,206,13647640000
Asset,StructuredSnippet,2022-01-27,2500,185,12257670000
Asset,StructuredSnippet,2022-01-28,2564,203,11923290000
Asset,StructuredSnippet,2022-01-29,1622,117,2930180000
Asset,StructuredSnippet,2022-01-30,1667,104,3397770000
Asset,StructuredSnippet,2022-01-31,2501,165,9783100000
Asset,StructuredSnippet,2022-02-01,2965,208,9317360000
Asset,StructuredSnippet,2022-02-02,2889,231,10400470000
Asset,StructuredSnippet,2022-02-03,5096,973,10070750000
Asset,StructuredSnippet,2022-02-04,13081,1811,15339680000
Asset,StructuredSnippet,2022-02-05,13118,1783,7282387911
Asset,StructuredSnippet,2022-02-06,12978,1777,7246090000
Asset,StructuredSnippet,2022-02-07,16874,2114,13306825271
Asset,StructuredSnippet,2022-02-08,37999,4425,22926049130
Asset,StructuredSnippet,2022-02-09,68714,7903,24665456000
Asset,StructuredSnippet,2022-02-10,233621,51015,44432975358
Asset,StructuredSnippet,2022-02-11,468481,95640,94426684197
Asset,StructuredSnippet,2022-02-12,660467,142871,236410881164
Asset,StructuredSnippet,2022-02-13,800070,172068,454952638272
Asset,StructuredSnippet,2022-02-14,840022,173415,437576338167
Asset,StructuredSnippet,2022-02-15,844314,176895,457693183209
Asset,StructuredSnippet,2022-02-16,885212,173938,506798777288
Asset,StructuredSnippet,2022-02-17,1867577,357141,1705955381683
Asset,StructuredSnippet,2022-02-18,1873854,378373,1719929753647
Asset,StructuredSnippet,2022-02-19,2027073,408683,1798608020116
Asset,StructuredSnippet,2022-02-20,2034057,402080,1760883589663
Asset,StructuredSnippet,2022-02-21,1858207,359731,1642825653167
Asset,StructuredSnippet,2022-02-22,1877926,357638,1580002746944
Asset,StructuredSnippet,2022-02-23,2109311,349403,1715953653680
Asset,StructuredSnippet,2022-02-24,2164617,336327,1699943383103
Asset,StructuredSnippet,2022-02-25,2254407,345677,1795492887637
Asset,StructuredSnippet,2022-02-26,2346652,370817,2027453742331
Asset,StructuredSnippet,2022-02-27,2261461,363338,2083790507435
Asset,StructuredSnippet,2022-02-28,2193765,337604,1714263945970
Asset,StructuredSnippet,2022-03-01,2394748,357675,2062120318723
Asset,StructuredSnippet,2022-03-02,2315583,335907,2015098832051
Asset,StructuredSnippet,2022-03-03,2297973,342720,2111845242585
Asset,StructuredSnippet,2022-03-04,2204820,340426,1659255092325
Asset,StructuredSnippet,2022-03-05,2466362,365819,1729498399470
Asset,StructuredSnippet,2022-03-06,2526393,378412,1613658616311
Asset,StructuredSnippet,2022-03-07,2433720,343674,1366452700568
Asset,StructuredSnippet,2022-03-08,2129504,254607,1288992402899
Asset,StructuredSnippet,2022-03-09,2406990,352404,1110601240570
Asset,StructuredSnippet,2022-03-10,2094052,368686,4227011328091
Asset,StructuredSnippet,2022-03-11,1785761,299892,4502924715098
Asset,StructuredSnippet,2022-03-12,2291474,385798,3298414730688
Asset,StructuredSnippet,2022-03-13,2285054,372718,3281521107964
Asset,StructuredSnippet,2022-03-14,2039108,343420,5648338552594
Asset,StructuredSnippet,2022-03-15,1788660,340301,4887512799403
Asset,StructuredSnippet,2022-03-16,1757112,339572,5237860943450
Asset,StructuredSnippet,2022-03-17,1737793,343347,5717973882373
Asset,StructuredSnippet,2022-03-18,1911828,379404,5789016695187
Asset,StructuredSnippet,2022-03-19,2004295,381945,3910321490701
Asset,StructuredSnippet,2022-03-20,1995704,378644,3364363693966
Asset,StructuredSnippet,2022-03-21,1987929,348819,5893122368548
Asset,StructuredSnippet,2022-03-22,1950715,333364,5695966392733
Asset,StructuredSnippet,2022-03-23,1880167,336213,6308317143033
Asset,StructuredSnippet,2022-03-24,1758326,324592,6889622903683
Asset,StructuredSnippet,2022-03-25,1769386,340329,7340656771244
Asset,StructuredSnippet,2022-03-26,1895292,356720,6372946894849
Asset,StructuredSnippet,2022-03-27,2026874,338518,5331299972320
Asset,StructuredSnippet,2022-03-28,1810804,322955,5827158591522
Asset,StructuredSnippet,2022-03-29,1802285,326536,5782392270655
Asset,StructuredSnippet,2022-03-30,1749716,321505,5935275387376
Asset,StructuredSnippet,2022-03-31,1664236,328214,5323148783058
Asset,StructuredSnippet,2022-04-01,1726870,390289,4768168397385
Asset,StructuredSnippet,2022-04-02,1763407,385258,4230211879202
Asset,StructuredSnippet,2022-04-03,1704529,363167,4163884278951
Asset,StructuredSnippet,2022-04-04,1588060,312436,4793255060499
Asset,StructuredSnippet,2022-04-05,1610395,312347,5074893279727
Asset,StructuredSnippet,2022-04-06,1590584,296655,4209883324564
Asset,StructuredSnippet,2022-04-07,1562362,296248,4442351413925
Asset,StructuredSnippet,2022-04-08,1522223,306522,3817755545028
Asset,StructuredSnippet,2022-04-09,1589150,323888,3505836225510
Asset,StructuredSnippet,2022-04-10,1617917,316000,3533423890593
Asset,StructuredSnippet,2022-04-11,1525684,289691,3816278772629
Asset,StructuredSnippet,2022-04-12,674211,149362,3619645342932
Asset,StructuredSnippet,2022-04-13,11,0,0
